Workbook
Name _Hlk196835118: '[5]Hằng DT'!#REF!
Name DATA_SALE_YTD: [1]!Table2[#All]
Name PLKhachhang: [2]!Table6[#Data]

Sheet DK đặt hàng
A1: Tên sản phẩm | B1: Giá EXW | C1: Packing/Pallet | D1: Feb.26 | E1: Mar.26 | F1: Apr.26 | G1: May.26 | H1: Jun.26 | I1: Jul.26 | J1: Aug.26 | K1: Sep.26 | L1: Oct.26 | M1: Nov.26 | N1: Dec.26 | O1: Jan.27 | P1: Feb.27 | Q1: Mar.27
A2: Exeol gel 82 500ml | B2: 1.773 | C2: 672 | E2: =SUMIFS(INDEX(NXT!$A:$ZZ, 0, MATCH(TEXT(EDATE(DATEVALUE("1-"&SUBSTITUTE(E$1,".","-")),5),"mmm.yy"), NXT!$1:$1, 0)), NXT!$A:$A, $A2) -> 0 | F2: =SUMIFS(INDEX(NXT!$A:$ZZ, 0, MATCH(TEXT(EDATE(DATEVALUE("1-"&SUBSTITUTE(F$1,".","-")),5),"mmm.yy"), NXT!$1:$1, 0)), NXT!$A:$A, $A2) -> 0 | G2: =SUMIFS(INDEX(NXT!$A:$ZZ, 0, MATCH(TEXT(EDATE(DATEVALUE("1-"&SUBSTITUTE(G$1,".","-")),5),"mmm.yy"), NXT!$1:$1, 0)), NXT!$A:$A, $A2) -> 0 | H2: =SUMIFS(INDEX(NXT!$A:$ZZ, 0, MATCH(TEXT(EDATE(DATEVALUE("1-"&SUBSTITUTE(H$1,".","-")),5),"mmm.yy"), NXT!$1:$1, 0)), NXT!$A:$A, $A2) -> 0 | I2: =SUMIFS(INDEX(NXT!$A:$ZZ, 0, MATCH(TEXT(EDATE(DATEVALUE("1-"&SUBSTITUTE(I$1,".","-")),5),"mmm.yy"), NXT!$1:$1, 0)), NXT!$A:$A, $A2) -> 0 | J2: =SUMIFS(INDEX(NXT!$A:$ZZ, 0, MATCH(TEXT(EDATE(DATEVALUE("1-"&SUBSTITUTE(J$1,".","-")),5),"mmm.yy"), NXT!$1:$1, 0)), NXT!$A:$A, $A2) -> 0 | K2: =SUMIFS(INDEX(NXT!$A:$ZZ, 0, MATCH(TEXT(EDATE(DATEVALUE("1-"&SUBSTITUTE(K$1,".","-")),5),"mmm.yy"), NXT!$1:$1, 0)), NXT!$A:$A, $A2) -> 0 | L2: =SUMIFS(INDEX(NXT!$A:$ZZ, 0, MATCH(TEXT(EDATE(DATEVALUE("1-"&SUBSTITUTE(L$1,".","-")),5),"mmm.yy"), NXT!$1:$1, 0)), NXT!$A:$A, $A2) -> 0 | ... N2: =SUMIFS(INDEX(NXT!$A:$ZZ, 0, MATCH(TEXT(EDATE(DATEVALUE("1-"&SUBSTITUTE(N$1,".","-")),5),"mmm.yy"), NXT!$1:$1, 0)), NXT!$A:$A, $A2) -> 0
A3: Exeol gel 82 1L | B3: 3.26 | C3: 288 | E3: =SUMIFS(INDEX(NXT!$A:$ZZ, 0, MATCH(TEXT(EDATE(DATEVALUE("1-"&SUBSTITUTE(E$1,".","-")),5),"mmm.yy"), NXT!$1:$1, 0)), NXT!$A:$A, $A3) -> 0 | F3: =SUMIFS(INDEX(NXT!$A:$ZZ, 0, MATCH(TEXT(EDATE(DATEVALUE("1-"&SUBSTITUTE(F$1,".","-")),5),"mmm.yy"), NXT!$1:$1, 0)), NXT!$A:$A, $A3) -> 0 | G3: =SUMIFS(INDEX(NXT!$A:$ZZ, 0, MATCH(TEXT(EDATE(DATEVALUE("1-"&SUBSTITUTE(G$1,".","-")),5),"mmm.yy"), NXT!$1:$1, 0)), NXT!$A:$A, $A3) -> 0 | H3: =SUMIFS(INDEX(NXT!$A:$ZZ, 0, MATCH(TEXT(EDATE(DATEVALUE("1-"&SUBSTITUTE(H$1,".","-")),5),"mmm.yy"), NXT!$1:$1, 0)), NXT!$A:$A, $A3) -> 0 | I3: =SUMIFS(INDEX(NXT!$A:$ZZ, 0, MATCH(TEXT(EDATE(DATEVALUE("1-"&SUBSTITUTE(I$1,".","-")),5),"mmm.yy"), NXT!$1:$1, 0)), NXT!$A:$A, $A3) -> 0 | J3: =SUMIFS(INDEX(NXT!$A:$ZZ, 0, MATCH(TEXT(EDATE(DATEVALUE("1-"&SUBSTITUTE(J$1,".","-")),5),"mmm.yy"), NXT!$1:$1, 0)), NXT!$A:$A, $A3) -> 0 | K3: =SUMIFS(INDEX(NXT!$A:$ZZ, 0, MATCH(TEXT(EDATE(DATEVALUE("1-"&SUBSTITUTE(K$1,".","-")),5),"mmm.yy"), NXT!$1:$1, 0)), NXT!$A:$A, $A3) -> 0 | L3: =SUMIFS(INDEX(NXT!$A:$ZZ, 0, MATCH(TEXT(EDATE(DATEVALUE("1-"&SUBSTITUTE(L$1,".","-")),5),"mmm.yy"), NXT!$1:$1, 0)), NXT!$A:$A, $A3) -> 0 | ... N3: =SUMIFS(INDEX(NXT!$A:$ZZ, 0, MATCH(TEXT(EDATE(DATEVALUE("1-"&SUBSTITUTE(N$1,".","-")),5),"mmm.yy"), NXT!$1:$1, 0)), NXT!$A:$A, $A3) -> 0
A4: Exeol gel 82 1L Airless | B4: 3.15 | C4: 324 | E4: =SUMIFS(INDEX(NXT!$A:$ZZ, 0, MATCH(TEXT(EDATE(DATEVALUE("1-"&SUBSTITUTE(E$1,".","-")),5),"mmm.yy"), NXT!$1:$1, 0)), NXT!$A:$A, $A4) -> 0 | F4: =SUMIFS(INDEX(NXT!$A:$ZZ, 0, MATCH(TEXT(EDATE(DATEVALUE("1-"&SUBSTITUTE(F$1,".","-")),5),"mmm.yy"), NXT!$1:$1, 0)), NXT!$A:$A, $A4) -> 0 | G4: =SUMIFS(INDEX(NXT!$A:$ZZ, 0, MATCH(TEXT(EDATE(DATEVALUE("1-"&SUBSTITUTE(G$1,".","-")),5),"mmm.yy"), NXT!$1:$1, 0)), NXT!$A:$A, $A4) -> 0 | H4: =SUMIFS(INDEX(NXT!$A:$ZZ, 0, MATCH(TEXT(EDATE(DATEVALUE("1-"&SUBSTITUTE(H$1,".","-")),5),"mmm.yy"), NXT!$1:$1, 0)), NXT!$A:$A, $A4) -> 0 | I4: =SUMIFS(INDEX(NXT!$A:$ZZ, 0, MATCH(TEXT(EDATE(DATEVALUE("1-"&SUBSTITUTE(I$1,".","-")),5),"mmm.yy"), NXT!$1:$1, 0)), NXT!$A:$A, $A4) -> 0 | J4: =SUMIFS(INDEX(NXT!$A:$ZZ, 0, MATCH(TEXT(EDATE(DATEVALUE("1-"&SUBSTITUTE(J$1,".","-")),5),"mmm.yy"), NXT!$1:$1, 0)), NXT!$A:$A, $A4) -> 0 | K4: =SUMIFS(INDEX(NXT!$A:$ZZ, 0, MATCH(TEXT(EDATE(DATEVALUE("1-"&SUBSTITUTE(K$1,".","-")),5),"mmm.yy"), NXT!$1:$1, 0)), NXT!$A:$A, $A4) -> 0 | L4: =SUMIFS(INDEX(NXT!$A:$ZZ, 0, MATCH(TEXT(EDATE(DATEVALUE("1-"&SUBSTITUTE(L$1,".","-")),5),"mmm.yy"), NXT!$1:$1, 0)), NXT!$A:$A, $A4) -> 0 | ... N4: =SUMIFS(INDEX(NXT!$A:$ZZ, 0, MATCH(TEXT(EDATE(DATEVALUE("1-"&SUBSTITUTE(N$1,".","-")),5),"mmm.yy"), NXT!$1:$1, 0)), NXT!$A:$A, $A4) -> 0
A5: Exeol scrub 4% 1L | B5: 3.374 | C5: 288 | E5: =SUMIFS(INDEX(NXT!$A:$ZZ, 0, MATCH(TEXT(EDATE(DATEVALUE("1-"&SUBSTITUTE(E$1,".","-")),5),"mmm.yy"), NXT!$1:$1, 0)), NXT!$A:$A, $A5) -> 0 | F5: =SUMIFS(INDEX(NXT!$A:$ZZ, 0, MATCH(TEXT(EDATE(DATEVALUE("1-"&SUBSTITUTE(F$1,".","-")),5),"mmm.yy"), NXT!$1:$1, 0)), NXT!$A:$A, $A5) -> 0 | G5: =SUMIFS(INDEX(NXT!$A:$ZZ, 0, MATCH(TEXT(EDATE(DATEVALUE("1-"&SUBSTITUTE(G$1,".","-")),5),"mmm.yy"), NXT!$1:$1, 0)), NXT!$A:$A, $A5) -> 0 | H5: =SUMIFS(INDEX(NXT!$A:$ZZ, 0, MATCH(TEXT(EDATE(DATEVALUE("1-"&SUBSTITUTE(H$1,".","-")),5),"mmm.yy"), NXT!$1:$1, 0)), NXT!$A:$A, $A5) -> 0 | I5: =SUMIFS(INDEX(NXT!$A:$ZZ, 0, MATCH(TEXT(EDATE(DATEVALUE("1-"&SUBSTITUTE(I$1,".","-")),5),"mmm.yy"), NXT!$1:$1, 0)), NXT!$A:$A, $A5) -> 0 | J5: =SUMIFS(INDEX(NXT!$A:$ZZ, 0, MATCH(TEXT(EDATE(DATEVALUE("1-"&SUBSTITUTE(J$1,".","-")),5),"mmm.yy"), NXT!$1:$1, 0)), NXT!$A:$A, $A5) -> 0 | K5: =SUMIFS(INDEX(NXT!$A:$ZZ, 0, MATCH(TEXT(EDATE(DATEVALUE("1-"&SUBSTITUTE(K$1,".","-")),5),"mmm.yy"), NXT!$1:$1, 0)), NXT!$A:$A, $A5) -> 0 | L5: =SUMIFS(INDEX(NXT!$A:$ZZ, 0, MATCH(TEXT(EDATE(DATEVALUE("1-"&SUBSTITUTE(L$1,".","-")),5),"mmm.yy"), NXT!$1:$1, 0)), NXT!$A:$A, $A5) -> 0 | ... N5: =SUMIFS(INDEX(NXT!$A:$ZZ, 0, MATCH(TEXT(EDATE(DATEVALUE("1-"&SUBSTITUTE(N$1,".","-")),5),"mmm.yy"), NXT!$1:$1, 0)), NXT!$A:$A, $A5) -> 0
A6: Exeol scrub 4% 500ml | B6: 2.1 | C6: 672 | E6: =SUMIFS(INDEX(NXT!$A:$ZZ, 0, MATCH(TEXT(EDATE(DATEVALUE("1-"&SUBSTITUTE(E$1,".","-")),5),"mmm.yy"), NXT!$1:$1, 0)), NXT!$A:$A, $A6) -> 0 | F6: =SUMIFS(INDEX(NXT!$A:$ZZ, 0, MATCH(TEXT(EDATE(DATEVALUE("1-"&SUBSTITUTE(F$1,".","-")),5),"mmm.yy"), NXT!$1:$1, 0)), NXT!$A:$A, $A6) -> 0 | G6: =SUMIFS(INDEX(NXT!$A:$ZZ, 0, MATCH(TEXT(EDATE(DATEVALUE("1-"&SUBSTITUTE(G$1,".","-")),5),"mmm.yy"), NXT!$1:$1, 0)), NXT!$A:$A, $A6) -> 0 | H6: =SUMIFS(INDEX(NXT!$A:$ZZ, 0, MATCH(TEXT(EDATE(DATEVALUE("1-"&SUBSTITUTE(H$1,".","-")),5),"mmm.yy"), NXT!$1:$1, 0)), NXT!$A:$A, $A6) -> 0 | I6: =SUMIFS(INDEX(NXT!$A:$ZZ, 0, MATCH(TEXT(EDATE(DATEVALUE("1-"&SUBSTITUTE(I$1,".","-")),5),"mmm.yy"), NXT!$1:$1, 0)), NXT!$A:$A, $A6) -> 0 | J6: =SUMIFS(INDEX(NXT!$A:$ZZ, 0, MATCH(TEXT(EDATE(DATEVALUE("1-"&SUBSTITUTE(J$1,".","-")),5),"mmm.yy"), NXT!$1:$1, 0)), NXT!$A:$A, $A6) -> 0 | K6: =SUMIFS(INDEX(NXT!$A:$ZZ, 0, MATCH(TEXT(EDATE(DATEVALUE("1-"&SUBSTITUTE(K$1,".","-")),5),"mmm.yy"), NXT!$1:$1, 0)), NXT!$A:$A, $A6) -> 0 | L6: =SUMIFS(INDEX(NXT!$A:$ZZ, 0, MATCH(TEXT(EDATE(DATEVALUE("1-"&SUBSTITUTE(L$1,".","-")),5),"mmm.yy"), NXT!$1:$1, 0)), NXT!$A:$A, $A6) -> 0 | ... N6: =SUMIFS(INDEX(NXT!$A:$ZZ, 0, MATCH(TEXT(EDATE(DATEVALUE("1-"&SUBSTITUTE(N$1,".","-")),5),"mmm.yy"), NXT!$1:$1, 0)), NXT!$A:$A, $A6) -> 0
A7: Exeol surf 30 1L | B7: 3.906 | C7: 288 | E7: =SUMIFS(INDEX(NXT!$A:$ZZ, 0, MATCH(TEXT(EDATE(DATEVALUE("1-"&SUBSTITUTE(E$1,".","-")),5),"mmm.yy"), NXT!$1:$1, 0)), NXT!$A:$A, $A7) -> 0 | F7: =SUMIFS(INDEX(NXT!$A:$ZZ, 0, MATCH(TEXT(EDATE(DATEVALUE("1-"&SUBSTITUTE(F$1,".","-")),5),"mmm.yy"), NXT!$1:$1, 0)), NXT!$A:$A, $A7) -> 864 | G7: =SUMIFS(INDEX(NXT!$A:$ZZ, 0, MATCH(TEXT(EDATE(DATEVALUE("1-"&SUBSTITUTE(G$1,".","-")),5),"mmm.yy"), NXT!$1:$1, 0)), NXT!$A:$A, $A7) -> 288 | H7: =SUMIFS(INDEX(NXT!$A:$ZZ, 0, MATCH(TEXT(EDATE(DATEVALUE("1-"&SUBSTITUTE(H$1,".","-")),5),"mmm.yy"), NXT!$1:$1, 0)), NXT!$A:$A, $A7) -> 0 | I7: =SUMIFS(INDEX(NXT!$A:$ZZ, 0, MATCH(TEXT(EDATE(DATEVALUE("1-"&SUBSTITUTE(I$1,".","-")),5),"mmm.yy"), NXT!$1:$1, 0)), NXT!$A:$A, $A7) -> 864 | J7: =SUMIFS(INDEX(NXT!$A:$ZZ, 0, MATCH(TEXT(EDATE(DATEVALUE("1-"&SUBSTITUTE(J$1,".","-")),5),"mmm.yy"), NXT!$1:$1, 0)), NXT!$A:$A, $A7) -> 0 | K7: =SUMIFS(INDEX(NXT!$A:$ZZ, 0, MATCH(TEXT(EDATE(DATEVALUE("1-"&SUBSTITUTE(K$1,".","-")),5),"mmm.yy"), NXT!$1:$1, 0)), NXT!$A:$A, $A7) -> 1440 | L7: =SUMIFS(INDEX(NXT!$A:$ZZ, 0, MATCH(TEXT(EDATE(DATEVALUE("1-"&SUBSTITUTE(L$1,".","-")),5),"mmm.yy"), NXT!$1:$1, 0)), NXT!$A:$A, $A7) -> 0 | ... N7: =SUMIFS(INDEX(NXT!$A:$ZZ, 0, MATCH(TEXT(EDATE(DATEVALUE("1-"&SUBSTITUTE(N$1,".","-")),5),"mmm.yy"), NXT!$1:$1, 0)), NXT!$A:$A, $A7) -> 0
A8: Exeol surf 30 5L | B8: 10.76 | C8: 96 | E8: =SUMIFS(INDEX(NXT!$A:$ZZ, 0, MATCH(TEXT(EDATE(DATEVALUE("1-"&SUBSTITUTE(E$1,".","-")),5),"mmm.yy"), NXT!$1:$1, 0)), NXT!$A:$A, $A8) -> 0 | F8: =SUMIFS(INDEX(NXT!$A:$ZZ, 0, MATCH(TEXT(EDATE(DATEVALUE("1-"&SUBSTITUTE(F$1,".","-")),5),"mmm.yy"), NXT!$1:$1, 0)), NXT!$A:$A, $A8) -> 0 | G8: =SUMIFS(INDEX(NXT!$A:$ZZ, 0, MATCH(TEXT(EDATE(DATEVALUE("1-"&SUBSTITUTE(G$1,".","-")),5),"mmm.yy"), NXT!$1:$1, 0)), NXT!$A:$A, $A8) -> 0 | H8: =SUMIFS(INDEX(NXT!$A:$ZZ, 0, MATCH(TEXT(EDATE(DATEVALUE("1-"&SUBSTITUTE(H$1,".","-")),5),"mmm.yy"), NXT!$1:$1, 0)), NXT!$A:$A, $A8) -> 0 | I8: =SUMIFS(INDEX(NXT!$A:$ZZ, 0, MATCH(TEXT(EDATE(DATEVALUE("1-"&SUBSTITUTE(I$1,".","-")),5),"mmm.yy"), NXT!$1:$1, 0)), NXT!$A:$A, $A8) -> 0 | J8: =SUMIFS(INDEX(NXT!$A:$ZZ, 0, MATCH(TEXT(EDATE(DATEVALUE("1-"&SUBSTITUTE(J$1,".","-")),5),"mmm.yy"), NXT!$1:$1, 0)), NXT!$A:$A, $A8) -> 0 | K8: =SUMIFS(INDEX(NXT!$A:$ZZ, 0, MATCH(TEXT(EDATE(DATEVALUE("1-"&SUBSTITUTE(K$1,".","-")),5),"mmm.yy"), NXT!$1:$1, 0)), NXT!$A:$A, $A8) -> 0 | L8: =SUMIFS(INDEX(NXT!$A:$ZZ, 0, MATCH(TEXT(EDATE(DATEVALUE("1-"&SUBSTITUTE(L$1,".","-")),5),"mmm.yy"), NXT!$1:$1, 0)), NXT!$A:$A, $A8) -> 0 | ... N8: =SUMIFS(INDEX(NXT!$A:$ZZ, 0, MATCH(TEXT(EDATE(DATEVALUE("1-"&SUBSTITUTE(N$1,".","-")),5),"mmm.yy"), NXT!$1:$1, 0)), NXT!$A:$A, $A8) -> 0
A9: Exeol floor 1L | B9: 4.59 | C9: 252 | E9: =SUMIFS(INDEX(NXT!$A:$ZZ, 0, MATCH(TEXT(EDATE(DATEVALUE("1-"&SUBSTITUTE(E$1,".","-")),5),"mmm.yy"), NXT!$1:$1, 0)), NXT!$A:$A, $A9) -> 0 | F9: =SUMIFS(INDEX(NXT!$A:$ZZ, 0, MATCH(TEXT(EDATE(DATEVALUE("1-"&SUBSTITUTE(F$1,".","-")),5),"mmm.yy"), NXT!$1:$1, 0)), NXT!$A:$A, $A9) -> 0 | G9: =SUMIFS(INDEX(NXT!$A:$ZZ, 0, MATCH(TEXT(EDATE(DATEVALUE("1-"&SUBSTITUTE(G$1,".","-")),5),"mmm.yy"), NXT!$1:$1, 0)), NXT!$A:$A, $A9) -> 0 | H9: =SUMIFS(INDEX(NXT!$A:$ZZ, 0, MATCH(TEXT(EDATE(DATEVALUE("1-"&SUBSTITUTE(H$1,".","-")),5),"mmm.yy"), NXT!$1:$1, 0)), NXT!$A:$A, $A9) -> 0 | I9: =SUMIFS(INDEX(NXT!$A:$ZZ, 0, MATCH(TEXT(EDATE(DATEVALUE("1-"&SUBSTITUTE(I$1,".","-")),5),"mmm.yy"), NXT!$1:$1, 0)), NXT!$A:$A, $A9) -> 0 | J9: =SUMIFS(INDEX(NXT!$A:$ZZ, 0, MATCH(TEXT(EDATE(DATEVALUE("1-"&SUBSTITUTE(J$1,".","-")),5),"mmm.yy"), NXT!$1:$1, 0)), NXT!$A:$A, $A9) -> 0 | K9: =SUMIFS(INDEX(NXT!$A:$ZZ, 0, MATCH(TEXT(EDATE(DATEVALUE("1-"&SUBSTITUTE(K$1,".","-")),5),"mmm.yy"), NXT!$1:$1, 0)), NXT!$A:$A, $A9) -> 0 | L9: =SUMIFS(INDEX(NXT!$A:$ZZ, 0, MATCH(TEXT(EDATE(DATEVALUE("1-"&SUBSTITUTE(L$1,".","-")),5),"mmm.yy"), NXT!$1:$1, 0)), NXT!$A:$A, $A9) -> 0 | ... N9: =SUMIFS(INDEX(NXT!$A:$ZZ, 0, MATCH(TEXT(EDATE(DATEVALUE("1-"&SUBSTITUTE(N$1,".","-")),5),"mmm.yy"), NXT!$1:$1, 0)), NXT!$A:$A, $A9) -> 0
A10: Exeol floor 5L | B10: 17.74 | C10: 96 | E10: =SUMIFS(INDEX(NXT!$A:$ZZ, 0, MATCH(TEXT(EDATE(DATEVALUE("1-"&SUBSTITUTE(E$1,".","-")),5),"mmm.yy"), NXT!$1:$1, 0)), NXT!$A:$A, $A10) -> 0 | F10: =SUMIFS(INDEX(NXT!$A:$ZZ, 0, MATCH(TEXT(EDATE(DATEVALUE("1-"&SUBSTITUTE(F$1,".","-")),5),"mmm.yy"), NXT!$1:$1, 0)), NXT!$A:$A, $A10) -> 0 | G10: =SUMIFS(INDEX(NXT!$A:$ZZ, 0, MATCH(TEXT(EDATE(DATEVALUE("1-"&SUBSTITUTE(G$1,".","-")),5),"mmm.yy"), NXT!$1:$1, 0)), NXT!$A:$A, $A10) -> 0 | H10: =SUMIFS(INDEX(NXT!$A:$ZZ, 0, MATCH(TEXT(EDATE(DATEVALUE("1-"&SUBSTITUTE(H$1,".","-")),5),"mmm.yy"), NXT!$1:$1, 0)), NXT!$A:$A, $A10) -> 0 | I10: =SUMIFS(INDEX(NXT!$A:$ZZ, 0, MATCH(TEXT(EDATE(DATEVALUE("1-"&SUBSTITUTE(I$1,".","-")),5),"mmm.yy"), NXT!$1:$1, 0)), NXT!$A:$A, $A10) -> 0 | J10: =SUMIFS(INDEX(NXT!$A:$ZZ, 0, MATCH(TEXT(EDATE(DATEVALUE("1-"&SUBSTITUTE(J$1,".","-")),5),"mmm.yy"), NXT!$1:$1, 0)), NXT!$A:$A, $A10) -> 0 | K10: =SUMIFS(INDEX(NXT!$A:$ZZ, 0, MATCH(TEXT(EDATE(DATEVALUE("1-"&SUBSTITUTE(K$1,".","-")),5),"mmm.yy"), NXT!$1:$1, 0)), NXT!$A:$A, $A10) -> 0 | L10: =SUMIFS(INDEX(NXT!$A:$ZZ, 0, MATCH(TEXT(EDATE(DATEVALUE("1-"&SUBSTITUTE(L$1,".","-")),5),"mmm.yy"), NXT!$1:$1, 0)), NXT!$A:$A, $A10) -> 0 | ... N10: =SUMIFS(INDEX(NXT!$A:$ZZ, 0, MATCH(TEXT(EDATE(DATEVALUE("1-"&SUBSTITUTE(N$1,".","-")),5),"mmm.yy"), NXT!$1:$1, 0)), NXT!$A:$A, $A10) -> 0
A11: Exeol surf optimal 750ml | B11: 3.49 | C11: 360 | E11: =SUMIFS(INDEX(NXT!$A:$ZZ, 0, MATCH(TEXT(EDATE(DATEVALUE("1-"&SUBSTITUTE(E$1,".","-")),5),"mmm.yy"), NXT!$1:$1, 0)), NXT!$A:$A, $A11) -> 360 | F11: =SUMIFS(INDEX(NXT!$A:$ZZ, 0, MATCH(TEXT(EDATE(DATEVALUE("1-"&SUBSTITUTE(F$1,".","-")),5),"mmm.yy"), NXT!$1:$1, 0)), NXT!$A:$A, $A11) -> 0 | G11: =SUMIFS(INDEX(NXT!$A:$ZZ, 0, MATCH(TEXT(EDATE(DATEVALUE("1-"&SUBSTITUTE(G$1,".","-")),5),"mmm.yy"), NXT!$1:$1, 0)), NXT!$A:$A, $A11) -> 1080 | H11: =SUMIFS(INDEX(NXT!$A:$ZZ, 0, MATCH(TEXT(EDATE(DATEVALUE("1-"&SUBSTITUTE(H$1,".","-")),5),"mmm.yy"), NXT!$1:$1, 0)), NXT!$A:$A, $A11) -> 0 | I11: =SUMIFS(INDEX(NXT!$A:$ZZ, 0, MATCH(TEXT(EDATE(DATEVALUE("1-"&SUBSTITUTE(I$1,".","-")),5),"mmm.yy"), NXT!$1:$1, 0)), NXT!$A:$A, $A11) -> 0 | J11: =SUMIFS(INDEX(NXT!$A:$ZZ, 0, MATCH(TEXT(EDATE(DATEVALUE("1-"&SUBSTITUTE(J$1,".","-")),5),"mmm.yy"), NXT!$1:$1, 0)), NXT!$A:$A, $A11) -> 0 | K11: =SUMIFS(INDEX(NXT!$A:$ZZ, 0, MATCH(TEXT(EDATE(DATEVALUE("1-"&SUBSTITUTE(K$1,".","-")),5),"mmm.yy"), NXT!$1:$1, 0)), NXT!$A:$A, $A11) -> 1080 | L11: =SUMIFS(INDEX(NXT!$A:$ZZ, 0, MATCH(TEXT(EDATE(DATEVALUE("1-"&SUBSTITUTE(L$1,".","-")),5),"mmm.yy"), NXT!$1:$1, 0)), NXT!$A:$A, $A11) -> 0 | ... N11: =SUMIFS(INDEX(NXT!$A:$ZZ, 0, MATCH(TEXT(EDATE(DATEVALUE("1-"&SUBSTITUTE(N$1,".","-")),5),"mmm.yy"), NXT!$1:$1, 0)), NXT!$A:$A, $A11) -> 0
A12: Exeol wipe optimal | B12: 3.906 | C12: 360 | E12: =SUMIFS(INDEX(NXT!$A:$ZZ, 0, MATCH(TEXT(EDATE(DATEVALUE("1-"&SUBSTITUTE(E$1,".","-")),5),"mmm.yy"), NXT!$1:$1, 0)), NXT!$A:$A, $A12) -> 360 | F12: =SUMIFS(INDEX(NXT!$A:$ZZ, 0, MATCH(TEXT(EDATE(DATEVALUE("1-"&SUBSTITUTE(F$1,".","-")),5),"mmm.yy"), NXT!$1:$1, 0)), NXT!$A:$A, $A12) -> 0 | G12: =SUMIFS(INDEX(NXT!$A:$ZZ, 0, MATCH(TEXT(EDATE(DATEVALUE("1-"&SUBSTITUTE(G$1,".","-")),5),"mmm.yy"), NXT!$1:$1, 0)), NXT!$A:$A, $A12) -> 0 | H12: =SUMIFS(INDEX(NXT!$A:$ZZ, 0, MATCH(TEXT(EDATE(DATEVALUE("1-"&SUBSTITUTE(H$1,".","-")),5),"mmm.yy"), NXT!$1:$1, 0)), NXT!$A:$A, $A12) -> 0 | I12: =SUMIFS(INDEX(NXT!$A:$ZZ, 0, MATCH(TEXT(EDATE(DATEVALUE("1-"&SUBSTITUTE(I$1,".","-")),5),"mmm.yy"), NXT!$1:$1, 0)), NXT!$A:$A, $A12) -> 720 | J12: =SUMIFS(INDEX(NXT!$A:$ZZ, 0, MATCH(TEXT(EDATE(DATEVALUE("1-"&SUBSTITUTE(J$1,".","-")),5),"mmm.yy"), NXT!$1:$1, 0)), NXT!$A:$A, $A12) -> 0 | K12: =SUMIFS(INDEX(NXT!$A:$ZZ, 0, MATCH(TEXT(EDATE(DATEVALUE("1-"&SUBSTITUTE(K$1,".","-")),5),"mmm.yy"), NXT!$1:$1, 0)), NXT!$A:$A, $A12) -> 0 | L12: =SUMIFS(INDEX(NXT!$A:$ZZ, 0, MATCH(TEXT(EDATE(DATEVALUE("1-"&SUBSTITUTE(L$1,".","-")),5),"mmm.yy"), NXT!$1:$1, 0)), NXT!$A:$A, $A12) -> 0 | ... N12: =SUMIFS(INDEX(NXT!$A:$ZZ, 0, MATCH(TEXT(EDATE(DATEVALUE("1-"&SUBSTITUTE(N$1,".","-")),5),"mmm.yy"), NXT!$1:$1, 0)), NXT!$A:$A, $A12) -> 0
A13: Exeol sept first 1L | B13: 4.27 | C13: 252 | E13: =SUMIFS(INDEX(NXT!$A:$ZZ, 0, MATCH(TEXT(EDATE(DATEVALUE("1-"&SUBSTITUTE(E$1,".","-")),5),"mmm.yy"), NXT!$1:$1, 0)), NXT!$A:$A, $A13) -> 252 | F13: =SUMIFS(INDEX(NXT!$A:$ZZ, 0, MATCH(TEXT(EDATE(DATEVALUE("1-"&SUBSTITUTE(F$1,".","-")),5),"mmm.yy"), NXT!$1:$1, 0)), NXT!$A:$A, $A13) -> 0 | G13: =SUMIFS(INDEX(NXT!$A:$ZZ, 0, MATCH(TEXT(EDATE(DATEVALUE("1-"&SUBSTITUTE(G$1,".","-")),5),"mmm.yy"), NXT!$1:$1, 0)), NXT!$A:$A, $A13) -> 0 | H13: =SUMIFS(INDEX(NXT!$A:$ZZ, 0, MATCH(TEXT(EDATE(DATEVALUE("1-"&SUBSTITUTE(H$1,".","-")),5),"mmm.yy"), NXT!$1:$1, 0)), NXT!$A:$A, $A13) -> 0 | I13: =SUMIFS(INDEX(NXT!$A:$ZZ, 0, MATCH(TEXT(EDATE(DATEVALUE("1-"&SUBSTITUTE(I$1,".","-")),5),"mmm.yy"), NXT!$1:$1, 0)), NXT!$A:$A, $A13) -> 504 | J13: =SUMIFS(INDEX(NXT!$A:$ZZ, 0, MATCH(TEXT(EDATE(DATEVALUE("1-"&SUBSTITUTE(J$1,".","-")),5),"mmm.yy"), NXT!$1:$1, 0)), NXT!$A:$A, $A13) -> 0 | K13: =SUMIFS(INDEX(NXT!$A:$ZZ, 0, MATCH(TEXT(EDATE(DATEVALUE("1-"&SUBSTITUTE(K$1,".","-")),5),"mmm.yy"), NXT!$1:$1, 0)), NXT!$A:$A, $A13) -> 1008 | L13: =SUMIFS(INDEX(NXT!$A:$ZZ, 0, MATCH(TEXT(EDATE(DATEVALUE("1-"&SUBSTITUTE(L$1,".","-")),5),"mmm.yy"), NXT!$1:$1, 0)), NXT!$A:$A, $A13) -> 0 | ... N13: =SUMIFS(INDEX(NXT!$A:$ZZ, 0, MATCH(TEXT(EDATE(DATEVALUE("1-"&SUBSTITUTE(N$1,".","-")),5),"mmm.yy"), NXT!$1:$1, 0)), NXT!$A:$A, $A13) -> 0
... A20: Exeol OPA 5L | B20: 15.21 | C20: 96 | E20: =SUMIFS(INDEX(NXT!$A:$ZZ, 0, MATCH(TEXT(EDATE(DATEVALUE("1-"&SUBSTITUTE(E$1,".","-")),5),"mmm.yy"), NXT!$1:$1, 0)), NXT!$A:$A, $A20) -> 1632 | F20: =SUMIFS(INDEX(NXT!$A:$ZZ, 0, MATCH(TEXT(EDATE(DATEVALUE("1-"&SUBSTITUTE(F$1,".","-")),5),"mmm.yy"), NXT!$1:$1, 0)), NXT!$A:$A, $A20) -> 1536 | G20: =SUMIFS(INDEX(NXT!$A:$ZZ, 0, MATCH(TEXT(EDATE(DATEVALUE("1-"&SUBSTITUTE(G$1,".","-")),5),"mmm.yy"), NXT!$1:$1, 0)), NXT!$A:$A, $A20) -> 96 | H20: =SUMIFS(INDEX(NXT!$A:$ZZ, 0, MATCH(TEXT(EDATE(DATEVALUE("1-"&SUBSTITUTE(H$1,".","-")),5),"mmm.yy"), NXT!$1:$1, 0)), NXT!$A:$A, $A20) -> 2112 | I20: =SUMIFS(INDEX(NXT!$A:$ZZ, 0, MATCH(TEXT(EDATE(DATEVALUE("1-"&SUBSTITUTE(I$1,".","-")),5),"mmm.yy"), NXT!$1:$1, 0)), NXT!$A:$A, $A20) -> 0 | J20: =SUMIFS(INDEX(NXT!$A:$ZZ, 0, MATCH(TEXT(EDATE(DATEVALUE("1-"&SUBSTITUTE(J$1,".","-")),5),"mmm.yy"), NXT!$1:$1, 0)), NXT!$A:$A, $A20) -> 2112 | K20: =SUMIFS(INDEX(NXT!$A:$ZZ, 0, MATCH(TEXT(EDATE(DATEVALUE("1-"&SUBSTITUTE(K$1,".","-")),5),"mmm.yy"), NXT!$1:$1, 0)), NXT!$A:$A, $A20) -> 0 | L20: =SUMIFS(INDEX(NXT!$A:$ZZ, 0, MATCH(TEXT(EDATE(DATEVALUE("1-"&SUBSTITUTE(L$1,".","-")),5),"mmm.yy"), NXT!$1:$1, 0)), NXT!$A:$A, $A20) -> 2112 | ... N20: =SUMIFS(INDEX(NXT!$A:$ZZ, 0, MATCH(TEXT(EDATE(DATEVALUE("1-"&SUBSTITUTE(N$1,".","-")),5),"mmm.yy"), NXT!$1:$1, 0)), NXT!$A:$A, $A20) -> 0
A21: Exeol GTA 2% 5L | B21: 5.97 | C21: 96 | E21: =SUMIFS(INDEX(NXT!$A:$ZZ, 0, MATCH(TEXT(EDATE(DATEVALUE("1-"&SUBSTITUTE(E$1,".","-")),5),"mmm.yy"), NXT!$1:$1, 0)), NXT!$A:$A, $A21) -> 0 | F21: =SUMIFS(INDEX(NXT!$A:$ZZ, 0, MATCH(TEXT(EDATE(DATEVALUE("1-"&SUBSTITUTE(F$1,".","-")),5),"mmm.yy"), NXT!$1:$1, 0)), NXT!$A:$A, $A21) -> 0 | G21: =SUMIFS(INDEX(NXT!$A:$ZZ, 0, MATCH(TEXT(EDATE(DATEVALUE("1-"&SUBSTITUTE(G$1,".","-")),5),"mmm.yy"), NXT!$1:$1, 0)), NXT!$A:$A, $A21) -> 480 | H21: =SUMIFS(INDEX(NXT!$A:$ZZ, 0, MATCH(TEXT(EDATE(DATEVALUE("1-"&SUBSTITUTE(H$1,".","-")),5),"mmm.yy"), NXT!$1:$1, 0)), NXT!$A:$A, $A21) -> 0 | I21: =SUMIFS(INDEX(NXT!$A:$ZZ, 0, MATCH(TEXT(EDATE(DATEVALUE("1-"&SUBSTITUTE(I$1,".","-")),5),"mmm.yy"), NXT!$1:$1, 0)), NXT!$A:$A, $A21) -> 480 | J21: =SUMIFS(INDEX(NXT!$A:$ZZ, 0, MATCH(TEXT(EDATE(DATEVALUE("1-"&SUBSTITUTE(J$1,".","-")),5),"mmm.yy"), NXT!$1:$1, 0)), NXT!$A:$A, $A21) -> 0 | K21: =SUMIFS(INDEX(NXT!$A:$ZZ, 0, MATCH(TEXT(EDATE(DATEVALUE("1-"&SUBSTITUTE(K$1,".","-")),5),"mmm.yy"), NXT!$1:$1, 0)), NXT!$A:$A, $A21) -> 1440 | L21: =SUMIFS(INDEX(NXT!$A:$ZZ, 0, MATCH(TEXT(EDATE(DATEVALUE("1-"&SUBSTITUTE(L$1,".","-")),5),"mmm.yy"), NXT!$1:$1, 0)), NXT!$A:$A, $A21) -> 0 | ... N21: =SUMIFS(INDEX(NXT!$A:$ZZ, 0, MATCH(TEXT(EDATE(DATEVALUE("1-"&SUBSTITUTE(N$1,".","-")),5),"mmm.yy"), NXT!$1:$1, 0)), NXT!$A:$A, $A21) -> 0 | R21: TOTAL 2026 | S21: Target 2026 | T21: GAP
A22: Grand TOTAL VALUE | D22: =SUMPRODUCT($B$2:$B$21,Table3[Feb.26]) -> 0 | E22: =SUMPRODUCT($B$2:$B$21,Table3[Mar.26]) -> 32529.84 | F22: =SUMPRODUCT($B$2:$B$21,Table3[Apr.26]) -> 32520.744 | G22: =SUMPRODUCT($B$2:$B$21,Table3[May.26]) -> 32438.448 | H22: =SUMPRODUCT($B$2:$B$21,Table3[Jun.26]) -> 32123.52 | I22: =SUMPRODUCT($B$2:$B$21,Table3[Jul.26]) -> 30821.544 | J22: =SUMPRODUCT($B$2:$B$21,Table3[Aug.26]) -> 32123.52 | K22: =SUMPRODUCT($B$2:$B$21,Table3[Sep.26]) -> 55742.16 | L22: =SUMPRODUCT($B$2:$B$21,Table3[Oct.26]) -> 32123.52 | M22: =SUMPRODUCT($B$2:$B$21,Table3[Nov.26]) -> 66994.224 | N22: =SUMPRODUCT($B$2:$B$21,Table3[Dec.26]) -> 0 | O22: =SUMPRODUCT($B$2:$B$21,Table3[Jan.27]) -> 0 | P22: =SUMPRODUCT($B$2:$B$21,Table3[Feb.27]) -> 0 | Q22: =SUMPRODUCT($B$2:$B$21,Table3[Mar.27]) -> 0 | R22: =SUM(B22:Q22) -> 347417.52 | S22: 250000 | T22: =S22-R22 -> -97417.52

Sheet NXT
C1: Số Pallet | D1: Feb.26 | G1: Mar.26 | K1: Apr.26 | N1: May.26 | P1: Jun.26 | Q1: Jun.26 | S1: Jul.26 | T1: Jul.26 | V1: Aug.26 | W1: Aug.26 | Y1: Sep.26 | Z1: Sep.26 | AB1: Oct.26 | AC1: Oct.26 | AE1: Nov.26 | AF1: Nov.26 | AH1: Dec.26 | AI1: Dec.26 | AK1: Jan.27 | AL1: Jan.27 | AN1: Feb.27 | AO1: Feb.27 | AQ1: Mar.27 | AR1: Mar.27 | AT1: Apr.27 | AU1: Apr.27 | AW1: May.27 | AX1: May.27
A2: Tên sản phẩm | B2: Tồn kho | C2: Apr.27 | D2: Nhập | E2: Xuất | F2: Tồn | G2: Nhập | H2: Xuất | I2: Tồn | J2: Nhập | K2: Xuất | L2: Tồn | M2: Nhập | N2: Xuất | O2: Tồn | P2: Nhập | Q2: Xuất | R2: Tồn | S2: Nhập | T2: Xuất | U2: Tồn | V2: Nhập | W2: Xuất | X2: Tồn | Y2: Nhập | Z2: Xuất | AA2: Tồn | AB2: Nhập | AC2: Xuất | AD2: Tồn | AE2: Nhập | AF2: Xuất | AG2: Tồn | AH2: Nhập | AI2: Xuất | AJ2: Tồn | AK2: Nhập | AL2: Xuất | AM2: Tồn | AN2: Nhập | AO2: Xuất | AP2: Tồn | AQ2: Nhập | AR2: Xuất | AS2: Tồn | AT2: Nhập | AU2: Xuất | AV2: Tồn | AW2: Nhập | AX2: Xuất | AY2: Tồn
A3: Exeol surf 30 1L | B3: 288 | C3: =INDEX(D3:AZ3, MATCH($C$2, $D$1:$AZ$1, 0))/VLOOKUP(A3,'DK đặt hàng'!A:C,3,FALSE) -> 3 | E3: =SUMIFS([4]!Table2[Feb.26],[4]!Table2[Sản phẩm],NXT!$A3) -> 0 | F3: =B3+D3-E3 -> 288 | H3: 0 | I3: =F3+G3-H3 -> 288 | K3: =SUMIFS(INDEX(Detail!$AA:$AL, 0, MATCH(K$1, Detail!$AA$1:$AL$1, 0)), Detail!$J:$J, $A3) -> 0 | L3: =I3+J3-K3 -> 288 | N3: =SUMIFS(INDEX(Detail!$AA:$AL, 0, MATCH(N$1, Detail!$AA$1:$AL$1, 0)), Detail!$J:$J, $A3) -> 0 | O3: =L3+M3-N3 -> 288 | Q3: =SUMIFS(INDEX(Detail!$AA:$AL, 0, MATCH(Q$1, Detail!$AA$1:$AL$1, 0)), Detail!$J:$J, $A3) -> 28 | R3: =O3+P3-Q3 -> 260 | T3: =SUMIFS(INDEX(Detail!$AA:$AL, 0, MATCH(T$1, Detail!$AA$1:$AL$1, 0)), Detail!$J:$J, $A3) -> 28 | U3: =R3+S3-T3 -> 232 | W3: =SUMIFS(INDEX(Detail!$AA:$AL, 0, MATCH(W$1, Detail!$AA$1:$AL$1, 0)), Detail!$J:$J, $A3) -> 134 | X3: =U3+V3-W3 -> 98 | Y3: =288*3 -> 864 | Z3: =SUMIFS(INDEX(Detail!$AA:$AL, 0, MATCH(Z$1, Detail!$AA$1:$AL$1, 0)), Detail!$J:$J, $A3) -> 235 | AA3: =X3+Y3-Z3 -> 727 | AB3: 288 | AC3: =SUMIFS(INDEX(Detail!$AA:$AL, 0, MATCH(AC$1, Detail!$AA$1:$AL$1, 0)), Detail!$J:$J, $A3) -> 304 | AD3: =AA3+AB3-AC3 -> 711 | AF3: =SUMIFS(INDEX(Detail!$AA:$AL, 0, MATCH(AF$1, Detail!$AA$1:$AL$1, 0)), Detail!$J:$J, $A3) -> 305 | AG3: =AD3+AE3-AF3 -> 406 | AH3: =288*3 -> 864 | AI3: =SUMIFS(INDEX(Detail!$AA:$AL, 0, MATCH(AI$1, Detail!$AA$1:$AL$1, 0)), Detail!$J:$J, $A3) -> 380 | AJ3: =AG3+AH3-AI3 -> 890 | AL3: =SUMIFS(INDEX(Detail!$AA:$AL, 0, MATCH(AL$1, Detail!$AA$1:$AL$1, 0)), Detail!$J:$J, $A3) -> 558 | AM3: =AJ3+AK3-AL3 -> 332 | AN3: =288*5 -> 1440 | AO3: =SUMIFS(INDEX(Detail!$AA:$AL, 0, MATCH(AO$1, Detail!$AA$1:$AL$1, 0)), Detail!$J:$J, $A3) -> 558 | AP3: =AM3+AN3-AO3 -> 1214 | AR3: =SUMIFS(INDEX(Detail!$AA:$AL, 0, MATCH(AR$1, Detail!$AA$1:$AL$1, 0)), Detail!$J:$J, $A3) -> 558 | AS3: =AP3+AQ3-AR3 -> 656 | AT3: =288*3 -> 864 | AU3: =SUMIFS(INDEX(Detail!$AA:$AN, 0, MATCH(AU$1, Detail!$AA$1:$AN$1, 0)), Detail!$J:$J, $A3) -> 558 | AV3: =AS3+AT3-AU3 -> 962 | AX3: =SUMIFS(INDEX(Detail!$AA:$AN, 0, MATCH(AX$1, Detail!$AA$1:$AN$1, 0)), Detail!$J:$J, $A3) -> 558 | AY3: =AV3+AW3-AX3 -> 404
A4: Exeol surf 30 5L | B4: 192 | C4: =INDEX(D4:AZ4, MATCH($C$2, $D$1:$AZ$1, 0))/VLOOKUP(A4,'DK đặt hàng'!A:C,3,FALSE) -> 0 | E4: =SUMIFS([4]!Table2[Feb.26],[4]!Table2[Sản phẩm],NXT!$A4) -> 0 | F4: =B4+D4-E4 -> 192 | H4: 0 | I4: =F4+G4-H4 -> 192 | K4: =SUMIFS(INDEX(Detail!$AA:$AL, 0, MATCH(K$1, Detail!$AA$1:$AL$1, 0)), Detail!$J:$J, $A4) -> 0 | L4: =I4+J4-K4 -> 192 | N4: =SUMIFS(INDEX(Detail!$AA:$AL, 0, MATCH(N$1, Detail!$AA$1:$AL$1, 0)), Detail!$J:$J, $A4) -> 0 | O4: =L4+M4-N4 -> 192 | Q4: =SUMIFS(INDEX(Detail!$AA:$AL, 0, MATCH(Q$1, Detail!$AA$1:$AL$1, 0)), Detail!$J:$J, $A4) -> 0 | R4: =O4+P4-Q4 -> 192 | T4: =SUMIFS(INDEX(Detail!$AA:$AL, 0, MATCH(T$1, Detail!$AA$1:$AL$1, 0)), Detail!$J:$J, $A4) -> 0 | U4: =R4+S4-T4 -> 192 | W4: =SUMIFS(INDEX(Detail!$AA:$AL, 0, MATCH(W$1, Detail!$AA$1:$AL$1, 0)), Detail!$J:$J, $A4) -> 0 | X4: =U4+V4-W4 -> 192 | Z4: =SUMIFS(INDEX(Detail!$AA:$AL, 0, MATCH(Z$1, Detail!$AA$1:$AL$1, 0)), Detail!$J:$J, $A4) -> 0 | AA4: =X4+Y4-Z4 -> 192 | AC4: =SUMIFS(INDEX(Detail!$AA:$AL, 0, MATCH(AC$1, Detail!$AA$1:$AL$1, 0)), Detail!$J:$J, $A4) -> 0 | AD4: =AA4+AB4-AC4 -> 192 | AF4: =SUMIFS(INDEX(Detail!$AA:$AL, 0, MATCH(AF$1, Detail!$AA$1:$AL$1, 0)), Detail!$J:$J, $A4) -> 5 | AG4: =AD4+AE4-AF4 -> 187 | AI4: =SUMIFS(INDEX(Detail!$AA:$AL, 0, MATCH(AI$1, Detail!$AA$1:$AL$1, 0)), Detail!$J:$J, $A4) -> 5 | AJ4: =AG4+AH4-AI4 -> 182 | AL4: =SUMIFS(INDEX(Detail!$AA:$AL, 0, MATCH(AL$1, Detail!$AA$1:$AL$1, 0)), Detail!$J:$J, $A4) -> 5 | AM4: =AJ4+AK4-AL4 -> 177 | AO4: =SUMIFS(INDEX(Detail!$AA:$AL, 0, MATCH(AO$1, Detail!$AA$1:$AL$1, 0)), Detail!$J:$J, $A4) -> 5 | AP4: =AM4+AN4-AO4 -> 172 | AR4: =SUMIFS(INDEX(Detail!$AA:$AL, 0, MATCH(AR$1, Detail!$AA$1:$AL$1, 0)), Detail!$J:$J, $A4) -> 5 | AS4: =AP4+AQ4-AR4 -> 167 | AU4: =SUMIFS(INDEX(Detail!$AA:$AN, 0, MATCH(AU$1, Detail!$AA$1:$AN$1, 0)), Detail!$J:$J, $A4) -> 5 | AV4: =AS4+AT4-AU4 -> 162 | AX4: =SUMIFS(INDEX(Detail!$AA:$AN, 0, MATCH(AX$1, Detail!$AA$1:$AN$1, 0)), Detail!$J:$J, $A4) -> 5 | AY4: =AV4+AW4-AX4 -> 157
A5: Exeol surf optimal 750ml | B5: 360 | C5: =INDEX(D5:AZ5, MATCH($C$2, $D$1:$AZ$1, 0))/VLOOKUP(A5,'DK đặt hàng'!A:C,3,FALSE) -> 1 | E5: =SUMIFS([4]!Table2[Feb.26],[4]!Table2[Sản phẩm],NXT!$A5) -> 0 | F5: =B5+D5-E5 -> 360 | H5: 30 | I5: =F5+G5-H5 -> 330 | K5: =SUMIFS(INDEX(Detail!$AA:$AL, 0, MATCH(K$1, Detail!$AA$1:$AL$1, 0)), Detail!$J:$J, $A5) -> 42 | L5: =I5+J5-K5 -> 288 | N5: =SUMIFS(INDEX(Detail!$AA:$AL, 0, MATCH(N$1, Detail!$AA$1:$AL$1, 0)), Detail!$J:$J, $A5) -> 42 | O5: =L5+M5-N5 -> 246 | Q5: =SUMIFS(INDEX(Detail!$AA:$AL, 0, MATCH(Q$1, Detail!$AA$1:$AL$1, 0)), Detail!$J:$J, $A5) -> 42 | R5: =O5+P5-Q5 -> 204 | T5: =SUMIFS(INDEX(Detail!$AA:$AL, 0, MATCH(T$1, Detail!$AA$1:$AL$1, 0)), Detail!$J:$J, $A5) -> 42 | U5: =R5+S5-T5 -> 162 | V5: 360 | W5: =SUMIFS(INDEX(Detail!$AA:$AL, 0, MATCH(W$1, Detail!$AA$1:$AL$1, 0)), Detail!$J:$J, $A5) -> 59 | X5: =U5+V5-W5 -> 463 | Z5: =SUMIFS(INDEX(Detail!$AA:$AL, 0, MATCH(Z$1, Detail!$AA$1:$AL$1, 0)), Detail!$J:$J, $A5) -> 59 | AA5: =X5+Y5-Z5 -> 404 | AB5: =360*3 -> 1080 | AC5: =SUMIFS(INDEX(Detail!$AA:$AL, 0, MATCH(AC$1, Detail!$AA$1:$AL$1, 0)), Detail!$J:$J, $A5) -> 210 | AD5: =AA5+AB5-AC5 -> 1274 | AF5: =SUMIFS(INDEX(Detail!$AA:$AL, 0, MATCH(AF$1, Detail!$AA$1:$AL$1, 0)), Detail!$J:$J, $A5) -> 227 | AG5: =AD5+AE5-AF5 -> 1047 | AI5: =SUMIFS(INDEX(Detail!$AA:$AL, 0, MATCH(AI$1, Detail!$AA$1:$AL$1, 0)), Detail!$J:$J, $A5) -> 336 | AJ5: =AG5+AH5-AI5 -> 711 | AL5: =SUMIFS(INDEX(Detail!$AA:$AL, 0, MATCH(AL$1, Detail!$AA$1:$AL$1, 0)), Detail!$J:$J, $A5) -> 336 | AM5: =AJ5+AK5-AL5 -> 375 | AN5: =360*3 -> 1080 | AO5: =SUMIFS(INDEX(Detail!$AA:$AL, 0, MATCH(AO$1, Detail!$AA$1:$AL$1, 0)), Detail!$J:$J, $A5) -> 336 | AP5: =AM5+AN5-AO5 -> 1119 | AR5: =SUMIFS(INDEX(Detail!$AA:$AL, 0, MATCH(AR$1, Detail!$AA$1:$AL$1, 0)), Detail!$J:$J, $A5) -> 336 | AS5: =AP5+AQ5-AR5 -> 783 | AT5: =360 -> 360 | AU5: =SUMIFS(INDEX(Detail!$AA:$AN, 0, MATCH(AU$1, Detail!$AA$1:$AN$1, 0)), Detail!$J:$J, $A5) -> 336 | AV5: =AS5+AT5-AU5 -> 807 | AX5: =SUMIFS(INDEX(Detail!$AA:$AN, 0, MATCH(AX$1, Detail!$AA$1:$AN$1, 0)), Detail!$J:$J, $A5) -> 336 | AY5: =AV5+AW5-AX5 -> 471
A6: Exeol wipe optimal | B6: 360 | C6: =INDEX(D6:AZ6, MATCH($C$2, $D$1:$AZ$1, 0))/VLOOKUP(A6,'DK đặt hàng'!A:C,3,FALSE) -> 2 | E6: =SUMIFS([4]!Table2[Feb.26],[4]!Table2[Sản phẩm],NXT!$A6) -> 0 | F6: =B6+D6-E6 -> 360 | H6: 0 | I6: =F6+G6-H6 -> 360 | K6: =SUMIFS(INDEX(Detail!$AA:$AL, 0, MATCH(K$1, Detail!$AA$1:$AL$1, 0)), Detail!$J:$J, $A6) -> 0 | L6: =I6+J6-K6 -> 360 | N6: =SUMIFS(INDEX(Detail!$AA:$AL, 0, MATCH(N$1, Detail!$AA$1:$AL$1, 0)), Detail!$J:$J, $A6) -> 9 | O6: =L6+M6-N6 -> 351 | Q6: =SUMIFS(INDEX(Detail!$AA:$AL, 0, MATCH(Q$1, Detail!$AA$1:$AL$1, 0)), Detail!$J:$J, $A6) -> 9 | R6: =O6+P6-Q6 -> 342 | T6: =SUMIFS(INDEX(Detail!$AA:$AL, 0, MATCH(T$1, Detail!$AA$1:$AL$1, 0)), Detail!$J:$J, $A6) -> 9 | U6: =R6+S6-T6 -> 333 | V6: 360 | W6: =SUMIFS(INDEX(Detail!$AA:$AL, 0, MATCH(W$1, Detail!$AA$1:$AL$1, 0)), Detail!$J:$J, $A6) -> 105 | X6: =U6+V6-W6 -> 588 | Z6: =SUMIFS(INDEX(Detail!$AA:$AL, 0, MATCH(Z$1, Detail!$AA$1:$AL$1, 0)), Detail!$J:$J, $A6) -> 114 | AA6: =X6+Y6-Z6 -> 474 | AC6: =SUMIFS(INDEX(Detail!$AA:$AL, 0, MATCH(AC$1, Detail!$AA$1:$AL$1, 0)), Detail!$J:$J, $A6) -> 114 | AD6: =AA6+AB6-AC6 -> 360 | AF6: =SUMIFS(INDEX(Detail!$AA:$AL, 0, MATCH(AF$1, Detail!$AA$1:$AL$1, 0)), Detail!$J:$J, $A6) -> 115 | AG6: =AD6+AE6-AF6 -> 245 | AH6: =360*2 -> 720 | AI6: =SUMIFS(INDEX(Detail!$AA:$AL, 0, MATCH(AI$1, Detail!$AA$1:$AL$1, 0)), Detail!$J:$J, $A6) -> 115 | AJ6: =AG6+AH6-AI6 -> 850 | AL6: =SUMIFS(INDEX(Detail!$AA:$AL, 0, MATCH(AL$1, Detail!$AA$1:$AL$1, 0)), Detail!$J:$J, $A6) -> 153 | AM6: =AJ6+AK6-AL6 -> 697 | AO6: =SUMIFS(INDEX(Detail!$AA:$AL, 0, MATCH(AO$1, Detail!$AA$1:$AL$1, 0)), Detail!$J:$J, $A6) -> 153 | AP6: =AM6+AN6-AO6 -> 544 | AR6: =SUMIFS(INDEX(Detail!$AA:$AL, 0, MATCH(AR$1, Detail!$AA$1:$AL$1, 0)), Detail!$J:$J, $A6) -> 153 | AS6: =AP6+AQ6-AR6 -> 391 | AT6: =360*2 -> 720 | AU6: =SUMIFS(INDEX(Detail!$AA:$AN, 0, MATCH(AU$1, Detail!$AA$1:$AN$1, 0)), Detail!$J:$J, $A6) -> 153 | AV6: =AS6+AT6-AU6 -> 958 | AX6: =SUMIFS(INDEX(Detail!$AA:$AN, 0, MATCH(AX$1, Detail!$AA$1:$AN$1, 0)), Detail!$J:$J, $A6) -> 153 | AY6: =AV6+AW6-AX6 -> 805
A7: Exeol sept first 1L | B7: 252 | C7: =INDEX(D7:AZ7, MATCH($C$2, $D$1:$AZ$1, 0))/VLOOKUP(A7,'DK đặt hàng'!A:C,3,FALSE) -> 0 | E7: =SUMIFS([4]!Table2[Feb.26],[4]!Table2[Sản phẩm],NXT!$A7) -> 0 | F7: =B7+D7-E7 -> 252 | H7: 0 | I7: =F7+G7-H7 -> 252 | K7: =SUMIFS(INDEX(Detail!$AA:$AL, 0, MATCH(K$1, Detail!$AA$1:$AL$1, 0)), Detail!$J:$J, $A7) -> 0 | L7: =I7+J7-K7 -> 252 | N7: =SUMIFS(INDEX(Detail!$AA:$AL, 0, MATCH(N$1, Detail!$AA$1:$AL$1, 0)), Detail!$J:$J, $A7) -> 0 | O7: =L7+M7-N7 -> 252 | Q7: =SUMIFS(INDEX(Detail!$AA:$AL, 0, MATCH(Q$1, Detail!$AA$1:$AL$1, 0)), Detail!$J:$J, $A7) -> 4 | R7: =O7+P7-Q7 -> 248 | T7: =SUMIFS(INDEX(Detail!$AA:$AL, 0, MATCH(T$1, Detail!$AA$1:$AL$1, 0)), Detail!$J:$J, $A7) -> 4 | U7: =R7+S7-T7 -> 244 | V7: =252 -> 252 | W7: =SUMIFS(INDEX(Detail!$AA:$AL, 0, MATCH(W$1, Detail!$AA$1:$AL$1, 0)), Detail!$J:$J, $A7) -> 35 | X7: =U7+V7-W7 -> 461 | Z7: =SUMIFS(INDEX(Detail!$AA:$AL, 0, MATCH(Z$1, Detail!$AA$1:$AL$1, 0)), Detail!$J:$J, $A7) -> 35 | AA7: =X7+Y7-Z7 -> 426 | AC7: =SUMIFS(INDEX(Detail!$AA:$AL, 0, MATCH(AC$1, Detail!$AA$1:$AL$1, 0)), Detail!$J:$J, $A7) -> 38 | AD7: =AA7+AB7-AC7 -> 388 | AF7: =SUMIFS(INDEX(Detail!$AA:$AL, 0, MATCH(AF$1, Detail!$AA$1:$AL$1, 0)), Detail!$J:$J, $A7) -> 40 | AG7: =AD7+AE7-AF7 -> 348 | AH7: =252*2 -> 504 | AI7: =SUMIFS(INDEX(Detail!$AA:$AL, 0, MATCH(AI$1, Detail!$AA$1:$AL$1, 0)), Detail!$J:$J, $A7) -> 249 | AJ7: =AG7+AH7-AI7 -> 603 | AL7: =SUMIFS(INDEX(Detail!$AA:$AL, 0, MATCH(AL$1, Detail!$AA$1:$AL$1, 0)), Detail!$J:$J, $A7) -> 250 | AM7: =AJ7+AK7-AL7 -> 353 | AN7: =252*4 -> 1008 | AO7: =SUMIFS(INDEX(Detail!$AA:$AL, 0, MATCH(AO$1, Detail!$AA$1:$AL$1, 0)), Detail!$J:$J, $A7) -> 250 | AP7: =AM7+AN7-AO7 -> 1111 | AR7: =SUMIFS(INDEX(Detail!$AA:$AL, 0, MATCH(AR$1, Detail!$AA$1:$AL$1, 0)), Detail!$J:$J, $A7) -> 250 | AS7: =AP7+AQ7-AR7 -> 861 | AU7: =SUMIFS(INDEX(Detail!$AA:$AN, 0, MATCH(AU$1, Detail!$AA$1:$AN$1, 0)), Detail!$J:$J, $A7) -> 250 | AV7: =AS7+AT7-AU7 -> 611 | AX7: =SUMIFS(INDEX(Detail!$AA:$AN, 0, MATCH(AX$1, Detail!$AA$1:$AN$1, 0)), Detail!$J:$J, $A7) -> 250 | AY7: =AV7+AW7-AX7 -> 361
A8: Exeol sept first 5L | B8: 192 | C8: =INDEX(D8:AZ8, MATCH($C$2, $D$1:$AZ$1, 0))/VLOOKUP(A8,'DK đặt hàng'!A:C,3,FALSE) -> 3 | E8: =SUMIFS([4]!Table2[Feb.26],[4]!Table2[Sản phẩm],NXT!$A8) -> 0 | F8: =B8+D8-E8 -> 192 | H8: 0 | I8: =F8+G8-H8 -> 192 | K8: =SUMIFS(INDEX(Detail!$AA:$AL, 0, MATCH(K$1, Detail!$AA$1:$AL$1, 0)), Detail!$J:$J, $A8) -> 0 | L8: =I8+J8-K8 -> 192 | N8: =SUMIFS(INDEX(Detail!$AA:$AL, 0, MATCH(N$1, Detail!$AA$1:$AL$1, 0)), Detail!$J:$J, $A8) -> 7 | O8: =L8+M8-N8 -> 185 | Q8: =SUMIFS(INDEX(Detail!$AA:$AL, 0, MATCH(Q$1, Detail!$AA$1:$AL$1, 0)), Detail!$J:$J, $A8) -> 7 | R8: =O8+P8-Q8 -> 178 | T8: =SUMIFS(INDEX(Detail!$AA:$AL, 0, MATCH(T$1, Detail!$AA$1:$AL$1, 0)), Detail!$J:$J, $A8) -> 7 | U8: =R8+S8-T8 -> 171 | W8: =SUMIFS(INDEX(Detail!$AA:$AL, 0, MATCH(W$1, Detail!$AA$1:$AL$1, 0)), Detail!$J:$J, $A8) -> 22 | X8: =U8+V8-W8 -> 149 | Z8: =SUMIFS(INDEX(Detail!$AA:$AL, 0, MATCH(Z$1, Detail!$AA$1:$AL$1, 0)), Detail!$J:$J, $A8) -> 28 | AA8: =X8+Y8-Z8 -> 121 | AB8: =96*3 -> 288 | AC8: =SUMIFS(INDEX(Detail!$AA:$AL, 0, MATCH(AC$1, Detail!$AA$1:$AL$1, 0)), Detail!$J:$J, $A8) -> 74 | AD8: =AA8+AB8-AC8 -> 335 | AF8: =SUMIFS(INDEX(Detail!$AA:$AL, 0, MATCH(AF$1, Detail!$AA$1:$AL$1, 0)), Detail!$J:$J, $A8) -> 75 | AG8: =AD8+AE8-AF8 -> 260 | AI8: =SUMIFS(INDEX(Detail!$AA:$AL, 0, MATCH(AI$1, Detail!$AA$1:$AL$1, 0)), Detail!$J:$J, $A8) -> 84 | AJ8: =AG8+AH8-AI8 -> 176 | AL8: =SUMIFS(INDEX(Detail!$AA:$AL, 0, MATCH(AL$1, Detail!$AA$1:$AL$1, 0)), Detail!$J:$J, $A8) -> 84 | AM8: =AJ8+AK8-AL8 -> 92 | AN8: =96*4 -> 384 | AO8: =SUMIFS(INDEX(Detail!$AA:$AL, 0, MATCH(AO$1, Detail!$AA$1:$AL$1, 0)), Detail!$J:$J, $A8) -> 84 | AP8: =AM8+AN8-AO8 -> 392 | AR8: =SUMIFS(INDEX(Detail!$AA:$AL, 0, MATCH(AR$1, Detail!$AA$1:$AL$1, 0)), Detail!$J:$J, $A8) -> 84 | AS8: =AP8+AQ8-AR8 -> 308 | AT8: =96*3 -> 288 | AU8: =SUMIFS(INDEX(Detail!$AA:$AN, 0, MATCH(AU$1, Detail!$AA$1:$AN$1, 0)), Detail!$J:$J, $A8) -> 84 | AV8: =AS8+AT8-AU8 -> 512 | AX8: =SUMIFS(INDEX(Detail!$AA:$AN, 0, MATCH(AX$1, Detail!$AA$1:$AN$1, 0)), Detail!$J:$J, $A8) -> 84 | AY8: =AV8+AW8-AX8 -> 428
A9: Exeol rinse matic 5L | B9: 0 | C9: =INDEX(D9:AZ9, MATCH($C$2, $D$1:$AZ$1, 0))/VLOOKUP(A9,'DK đặt hàng'!A:C,3,FALSE) -> 0 | E9: =SUMIFS([4]!Table2[Feb.26],[4]!Table2[Sản phẩm],NXT!$A9) -> 0 | F9: =B9+D9-E9 -> 0 | H9: 0 | I9: =F9+G9-H9 -> 0 | K9: =SUMIFS(INDEX(Detail!$AA:$AL, 0, MATCH(K$1, Detail!$AA$1:$AL$1, 0)), Detail!$J:$J, $A9) -> 0 | L9: =I9+J9-K9 -> 0 | N9: =SUMIFS(INDEX(Detail!$AA:$AL, 0, MATCH(N$1, Detail!$AA$1:$AL$1, 0)), Detail!$J:$J, $A9) -> 0 | O9: =L9+M9-N9 -> 0 | Q9: =SUMIFS(INDEX(Detail!$AA:$AL, 0, MATCH(Q$1, Detail!$AA$1:$AL$1, 0)), Detail!$J:$J, $A9) -> 0 | R9: =O9+P9-Q9 -> 0 | T9: =SUMIFS(INDEX(Detail!$AA:$AL, 0, MATCH(T$1, Detail!$AA$1:$AL$1, 0)), Detail!$J:$J, $A9) -> 0 | U9: =R9+S9-T9 -> 0 | W9: =SUMIFS(INDEX(Detail!$AA:$AL, 0, MATCH(W$1, Detail!$AA$1:$AL$1, 0)), Detail!$J:$J, $A9) -> 0 | X9: =U9+V9-W9 -> 0 | Z9: =SUMIFS(INDEX(Detail!$AA:$AL, 0, MATCH(Z$1, Detail!$AA$1:$AL$1, 0)), Detail!$J:$J, $A9) -> 0 | AA9: =X9+Y9-Z9 -> 0 | AC9: =SUMIFS(INDEX(Detail!$AA:$AL, 0, MATCH(AC$1, Detail!$AA$1:$AL$1, 0)), Detail!$J:$J, $A9) -> 0 | AD9: =AA9+AB9-AC9 -> 0 | AF9: =SUMIFS(INDEX(Detail!$AA:$AL, 0, MATCH(AF$1, Detail!$AA$1:$AL$1, 0)), Detail!$J:$J, $A9) -> 0 | AG9: =AD9+AE9-AF9 -> 0 | AI9: =SUMIFS(INDEX(Detail!$AA:$AL, 0, MATCH(AI$1, Detail!$AA$1:$AL$1, 0)), Detail!$J:$J, $A9) -> 0 | AJ9: =AG9+AH9-AI9 -> 0 | AL9: =SUMIFS(INDEX(Detail!$AA:$AL, 0, MATCH(AL$1, Detail!$AA$1:$AL$1, 0)), Detail!$J:$J, $A9) -> 0 | AM9: =AJ9+AK9-AL9 -> 0 | AO9: =SUMIFS(INDEX(Detail!$AA:$AL, 0, MATCH(AO$1, Detail!$AA$1:$AL$1, 0)), Detail!$J:$J, $A9) -> 0 | AP9: =AM9+AN9-AO9 -> 0 | AR9: =SUMIFS(INDEX(Detail!$AA:$AL, 0, MATCH(AR$1, Detail!$AA$1:$AL$1, 0)), Detail!$J:$J, $A9) -> 0 | AS9: =AP9+AQ9-AR9 -> 0 | AU9: =SUMIFS(INDEX(Detail!$AA:$AN, 0, MATCH(AU$1, Detail!$AA$1:$AN$1, 0)), Detail!$J:$J, $A9) -> 0 | AV9: =AS9+AT9-AU9 -> 0 | AX9: =SUMIFS(INDEX(Detail!$AA:$AN, 0, MATCH(AX$1, Detail!$AA$1:$AN$1, 0)), Detail!$J:$J, $A9) -> 0 | AY9: =AV9+AW9-AX9 -> 0
A10: Exeol clean 4E 1L | B10: 252 | C10: =INDEX(D10:AZ10, MATCH($C$2, $D$1:$AZ$1, 0))/VLOOKUP(A10,'DK đặt hàng'!A:C,3,FALSE) -> 3 | E10: =SUMIFS([4]!Table2[Feb.26],[4]!Table2[Sản phẩm],NXT!$A10) -> 0 | F10: =B10+D10-E10 -> 252 | H10: 0 | I10: =F10+G10-H10 -> 252 | K10: =SUMIFS(INDEX(Detail!$AA:$AL, 0, MATCH(K$1, Detail!$AA$1:$AL$1, 0)), Detail!$J:$J, $A10) -> 0 | L10: =I10+J10-K10 -> 252 | N10: =SUMIFS(INDEX(Detail!$AA:$AL, 0, MATCH(N$1, Detail!$AA$1:$AL$1, 0)), Detail!$J:$J, $A10) -> 0 | O10: =L10+M10-N10 -> 252 | Q10: =SUMIFS(INDEX(Detail!$AA:$AL, 0, MATCH(Q$1, Detail!$AA$1:$AL$1, 0)), Detail!$J:$J, $A10) -> 0 | R10: =O10+P10-Q10 -> 252 | T10: =SUMIFS(INDEX(Detail!$AA:$AL, 0, MATCH(T$1, Detail!$AA$1:$AL$1, 0)), Detail!$J:$J, $A10) -> 0 | U10: =R10+S10-T10 -> 252 | V10: 252 | W10: =SUMIFS(INDEX(Detail!$AA:$AL, 0, MATCH(W$1, Detail!$AA$1:$AL$1, 0)), Detail!$J:$J, $A10) -> 59 | X10: =U10+V10-W10 -> 445 | Z10: =SUMIFS(INDEX(Detail!$AA:$AL, 0, MATCH(Z$1, Detail!$AA$1:$AL$1, 0)), Detail!$J:$J, $A10) -> 95 | AA10: =X10+Y10-Z10 -> 350 | AB10: =252*3 -> 756 | AC10: =SUMIFS(INDEX(Detail!$AA:$AL, 0, MATCH(AC$1, Detail!$AA$1:$AL$1, 0)), Detail!$J:$J, $A10) -> 337 | AD10: =AA10+AB10-AC10 -> 769 | AF10: =SUMIFS(INDEX(Detail!$AA:$AL, 0, MATCH(AF$1, Detail!$AA$1:$AL$1, 0)), Detail!$J:$J, $A10) -> 340 | AG10: =AD10+AE10-AF10 -> 429 | AH10: =252*3 -> 756 | AI10: =SUMIFS(INDEX(Detail!$AA:$AL, 0, MATCH(AI$1, Detail!$AA$1:$AL$1, 0)), Detail!$J:$J, $A10) -> 405 | AJ10: =AG10+AH10-AI10 -> 780 | AL10: =SUMIFS(INDEX(Detail!$AA:$AL, 0, MATCH(AL$1, Detail!$AA$1:$AL$1, 0)), Detail!$J:$J, $A10) -> 405 | AM10: =AJ10+AK10-AL10 -> 375 | AN10: =252*4 -> 1008 | AO10: =SUMIFS(INDEX(Detail!$AA:$AL, 0, MATCH(AO$1, Detail!$AA$1:$AL$1, 0)), Detail!$J:$J, $A10) -> 405 | AP10: =AM10+AN10-AO10 -> 978 | AR10: =SUMIFS(INDEX(Detail!$AA:$AL, 0, MATCH(AR$1, Detail!$AA$1:$AL$1, 0)), Detail!$J:$J, $A10) -> 405 | AS10: =AP10+AQ10-AR10 -> 573 | AT10: =252*3 -> 756 | AU10: =SUMIFS(INDEX(Detail!$AA:$AN, 0, MATCH(AU$1, Detail!$AA$1:$AN$1, 0)), Detail!$J:$J, $A10) -> 405 | AV10: =AS10+AT10-AU10 -> 924 | AX10: =SUMIFS(INDEX(Detail!$AA:$AN, 0, MATCH(AX$1, Detail!$AA$1:$AN$1, 0)), Detail!$J:$J, $A10) -> 405 | AY10: =AV10+AW10-AX10 -> 519
A11: Exeol clean 4E 5L | B11: 192 | C11: =INDEX(D11:AZ11, MATCH($C$2, $D$1:$AZ$1, 0))/VLOOKUP(A11,'DK đặt hàng'!A:C,3,FALSE) -> 4 | E11: =SUMIFS([4]!Table2[Feb.26],[4]!Table2[Sản phẩm],NXT!$A11) -> 0 | F11: =B11+D11-E11 -> 192 | H11: 0 | I11: =F11+G11-H11 -> 192 | K11: =SUMIFS(INDEX(Detail!$AA:$AL, 0, MATCH(K$1, Detail!$AA$1:$AL$1, 0)), Detail!$J:$J, $A11) -> 0 | L11: =I11+J11-K11 -> 192 | N11: =SUMIFS(INDEX(Detail!$AA:$AL, 0, MATCH(N$1, Detail!$AA$1:$AL$1, 0)), Detail!$J:$J, $A11) -> 0 | O11: =L11+M11-N11 -> 192 | Q11: =SUMIFS(INDEX(Detail!$AA:$AL, 0, MATCH(Q$1, Detail!$AA$1:$AL$1, 0)), Detail!$J:$J, $A11) -> 0 | R11: =O11+P11-Q11 -> 192 | T11: =SUMIFS(INDEX(Detail!$AA:$AL, 0, MATCH(T$1, Detail!$AA$1:$AL$1, 0)), Detail!$J:$J, $A11) -> 0 | U11: =R11+S11-T11 -> 192 | V11: 96 | W11: =SUMIFS(INDEX(Detail!$AA:$AL, 0, MATCH(W$1, Detail!$AA$1:$AL$1, 0)), Detail!$J:$J, $A11) -> 63 | X11: =U11+V11-W11 -> 225 | Z11: =SUMIFS(INDEX(Detail!$AA:$AL, 0, MATCH(Z$1, Detail!$AA$1:$AL$1, 0)), Detail!$J:$J, $A11) -> 63 | AA11: =X11+Y11-Z11 -> 162 | AB11: =96*3 -> 288 | AC11: =SUMIFS(INDEX(Detail!$AA:$AL, 0, MATCH(AC$1, Detail!$AA$1:$AL$1, 0)), Detail!$J:$J, $A11) -> 63 | AD11: =AA11+AB11-AC11 -> 387 | AF11: =SUMIFS(INDEX(Detail!$AA:$AL, 0, MATCH(AF$1, Detail!$AA$1:$AL$1, 0)), Detail!$J:$J, $A11) -> 147 | AG11: =AD11+AE11-AF11 -> 240 | AH11: =96*3 -> 288 | AI11: =SUMIFS(INDEX(Detail!$AA:$AL, 0, MATCH(AI$1, Detail!$AA$1:$AL$1, 0)), Detail!$J:$J, $A11) -> 189 | AJ11: =AG11+AH11-AI11 -> 339 | AL11: =SUMIFS(INDEX(Detail!$AA:$AL, 0, MATCH(AL$1, Detail!$AA$1:$AL$1, 0)), Detail!$J:$J, $A11) -> 189 | AM11: =AJ11+AK11-AL11 -> 150 | AN11: =96*5 -> 480 | AO11: =SUMIFS(INDEX(Detail!$AA:$AL, 0, MATCH(AO$1, Detail!$AA$1:$AL$1, 0)), Detail!$J:$J, $A11) -> 189 | AP11: =AM11+AN11-AO11 -> 441 | AR11: =SUMIFS(INDEX(Detail!$AA:$AL, 0, MATCH(AR$1, Detail!$AA$1:$AL$1, 0)), Detail!$J:$J, $A11) -> 189 | AS11: =AP11+AQ11-AR11 -> 252 | AT11: =96*4 -> 384 | AU11: =SUMIFS(INDEX(Detail!$AA:$AN, 0, MATCH(AU$1, Detail!$AA$1:$AN$1, 0)), Detail!$J:$J, $A11) -> 189 | AV11: =AS11+AT11-AU11 -> 447 | AX11: =SUMIFS(INDEX(Detail!$AA:$AN, 0, MATCH(AX$1, Detail!$AA$1:$AN$1, 0)), Detail!$J:$J, $A11) -> 189 | AY11: =AV11+AW11-AX11 -> 258
A12: Exeol sept 2E 1L | B12: 252 | C12: =INDEX(D12:AZ12, MATCH($C$2, $D$1:$AZ$1, 0))/VLOOKUP(A12,'DK đặt hàng'!A:C,3,FALSE) -> 3 | E12: =SUMIFS([4]!Table2[Feb.26],[4]!Table2[Sản phẩm],NXT!$A12) -> 0 | F12: =B12+D12-E12 -> 252 | H12: 0 | I12: =F12+G12-H12 -> 252 | K12: =SUMIFS(INDEX(Detail!$AA:$AL, 0, MATCH(K$1, Detail!$AA$1:$AL$1, 0)), Detail!$J:$J, $A12) -> 0 | L12: =I12+J12-K12 -> 252 | N12: =SUMIFS(INDEX(Detail!$AA:$AL, 0, MATCH(N$1, Detail!$AA$1:$AL$1, 0)), Detail!$J:$J, $A12) -> 2 | O12: =L12+M12-N12 -> 250 | Q12: =SUMIFS(INDEX(Detail!$AA:$AL, 0, MATCH(Q$1, Detail!$AA$1:$AL$1, 0)), Detail!$J:$J, $A12) -> 2 | R12: =O12+P12-Q12 -> 248 | T12: =SUMIFS(INDEX(Detail!$AA:$AL, 0, MATCH(T$1, Detail!$AA$1:$AL$1, 0)), Detail!$J:$J, $A12) -> 2 | U12: =R12+S12-T12 -> 246 | W12: =SUMIFS(INDEX(Detail!$AA:$AL, 0, MATCH(W$1, Detail!$AA$1:$AL$1, 0)), Detail!$J:$J, $A12) -> 89 | X12: =U12+V12-W12 -> 157 | Y12: =252*3 -> 756 | Z12: =SUMIFS(INDEX(Detail!$AA:$AL, 0, MATCH(Z$1, Detail!$AA$1:$AL$1, 0)), Detail!$J:$J, $A12) -> 231 | AA12: =X12+Y12-Z12 -> 682 | AB12: =252*3 -> 756 | AC12: =SUMIFS(INDEX(Detail!$AA:$AL, 0, MATCH(AC$1, Detail!$AA$1:$AL$1, 0)), Detail!$J:$J, $A12) -> 286 | AD12: =AA12+AB12-AC12 -> 1152 | AF12: =SUMIFS(INDEX(Detail!$AA:$AL, 0, MATCH(AF$1, Detail!$AA$1:$AL$1, 0)), Detail!$J:$J, $A12) -> 322 | AG12: =AD12+AE12-AF12 -> 830 | AH12: =252*4 -> 1008 | AI12: =SUMIFS(INDEX(Detail!$AA:$AL, 0, MATCH(AI$1, Detail!$AA$1:$AL$1, 0)), Detail!$J:$J, $A12) -> 489 | AJ12: =AG12+AH12-AI12 -> 1349 | AL12: =SUMIFS(INDEX(Detail!$AA:$AL, 0, MATCH(AL$1, Detail!$AA$1:$AL$1, 0)), Detail!$J:$J, $A12) -> 568 | AM12: =AJ12+AK12-AL12 -> 781 | AN12: =252*4 -> 1008 | AO12: =SUMIFS(INDEX(Detail!$AA:$AL, 0, MATCH(AO$1, Detail!$AA$1:$AL$1, 0)), Detail!$J:$J, $A12) -> 568 | AP12: =AM12+AN12-AO12 -> 1221 | AR12: =SUMIFS(INDEX(Detail!$AA:$AL, 0, MATCH(AR$1, Detail!$AA$1:$AL$1, 0)), Detail!$J:$J, $A12) -> 568 | AS12: =AP12+AQ12-AR12 -> 653 | AT12: =252*3 -> 756 | AU12: =SUMIFS(INDEX(Detail!$AA:$AN, 0, MATCH(AU$1, Detail!$AA$1:$AN$1, 0)), Detail!$J:$J, $A12) -> 568 | AV12: =AS12+AT12-AU12 -> 841 | AX12: =SUMIFS(INDEX(Detail!$AA:$AN, 0, MATCH(AX$1, Detail!$AA$1:$AN$1, 0)), Detail!$J:$J, $A12) -> 568 | AY12: =AV12+AW12-AX12 -> 273
A13: Exeol sept 2E 5L | B13: 192 | C13: =INDEX(D13:AZ13, MATCH($C$2, $D$1:$AZ$1, 0))/VLOOKUP(A13,'DK đặt hàng'!A:C,3,FALSE) -> 0 | E13: =SUMIFS([4]!Table2[Feb.26],[4]!Table2[Sản phẩm],NXT!$A13) -> 0 | F13: =B13+D13-E13 -> 192 | H13: 0 | I13: =F13+G13-H13 -> 192 | K13: =SUMIFS(INDEX(Detail!$AA:$AL, 0, MATCH(K$1, Detail!$AA$1:$AL$1, 0)), Detail!$J:$J, $A13) -> 0 | L13: =I13+J13-K13 -> 192 | N13: =SUMIFS(INDEX(Detail!$AA:$AL, 0, MATCH(N$1, Detail!$AA$1:$AL$1, 0)), Detail!$J:$J, $A13) -> 0 | O13: =L13+M13-N13 -> 192 | Q13: =SUMIFS(INDEX(Detail!$AA:$AL, 0, MATCH(Q$1, Detail!$AA$1:$AL$1, 0)), Detail!$J:$J, $A13) -> 0 | R13: =O13+P13-Q13 -> 192 | T13: =SUMIFS(INDEX(Detail!$AA:$AL, 0, MATCH(T$1, Detail!$AA$1:$AL$1, 0)), Detail!$J:$J, $A13) -> 0 | U13: =R13+S13-T13 -> 192 | W13: =SUMIFS(INDEX(Detail!$AA:$AL, 0, MATCH(W$1, Detail!$AA$1:$AL$1, 0)), Detail!$J:$J, $A13) -> 6 | X13: =U13+V13-W13 -> 186 | Z13: =SUMIFS(INDEX(Detail!$AA:$AL, 0, MATCH(Z$1, Detail!$AA$1:$AL$1, 0)), Detail!$J:$J, $A13) -> 6 | AA13: =X13+Y13-Z13 -> 180 | AC13: =SUMIFS(INDEX(Detail!$AA:$AL, 0, MATCH(AC$1, Detail!$AA$1:$AL$1, 0)), Detail!$J:$J, $A13) -> 6 | AD13: =AA13+AB13-AC13 -> 174 | AF13: =SUMIFS(INDEX(Detail!$AA:$AL, 0, MATCH(AF$1, Detail!$AA$1:$AL$1, 0)), Detail!$J:$J, $A13) -> 6 | AG13: =AD13+AE13-AF13 -> 168 | AI13: =SUMIFS(INDEX(Detail!$AA:$AL, 0, MATCH(AI$1, Detail!$AA$1:$AL$1, 0)), Detail!$J:$J, $A13) -> 6 | AJ13: =AG13+AH13-AI13 -> 162 | AL13: =SUMIFS(INDEX(Detail!$AA:$AL, 0, MATCH(AL$1, Detail!$AA$1:$AL$1, 0)), Detail!$J:$J, $A13) -> 6 | AM13: =AJ13+AK13-AL13 -> 156 | AO13: =SUMIFS(INDEX(Detail!$AA:$AL, 0, MATCH(AO$1, Detail!$AA$1:$AL$1, 0)), Detail!$J:$J, $A13) -> 6 | AP13: =AM13+AN13-AO13 -> 150 | AR13: =SUMIFS(INDEX(Detail!$AA:$AL, 0, MATCH(AR$1, Detail!$AA$1:$AL$1, 0)), Detail!$J:$J, $A13) -> 6 | AS13: =AP13+AQ13-AR13 -> 144 | AU13: =SUMIFS(INDEX(Detail!$AA:$AN, 0, MATCH(AU$1, Detail!$AA$1:$AN$1, 0)), Detail!$J:$J, $A13) -> 6 | AV13: =AS13+AT13-AU13 -> 138 | AX13: =SUMIFS(INDEX(Detail!$AA:$AN, 0, MATCH(AX$1, Detail!$AA$1:$AN$1, 0)), Detail!$J:$J, $A13) -> 6 | AY13: =AV13+AW13-AX13 -> 132
A14: Exeol OPA 5L | B14: 384 | C14: =INDEX(D14:AZ14, MATCH($C$2, $D$1:$AZ$1, 0))/VLOOKUP(A14,'DK đặt hàng'!A:C,3,FALSE) -> 22 | E14: =SUMIFS([4]!Table2[Feb.26],[4]!Table2[Sản phẩm],NXT!$A14) -> 0 | F14: =B14+D14-E14 -> 384 | H14: 47 | I14: =F14+G14-H14 -> 337 | K14: =SUMIFS(INDEX(Detail!$AA:$AL, 0, MATCH(K$1, Detail!$AA$1:$AL$1, 0)), Detail!$J:$J, $A14) -> 59 | L14: =I14+J14-K14 -> 278 | N14: =SUMIFS(INDEX(Detail!$AA:$AL, 0, MATCH(N$1, Detail!$AA$1:$AL$1, 0)), Detail!$J:$J, $A14) -> 68 | O14: =L14+M14-N14 -> 210 | Q14: =SUMIFS(INDEX(Detail!$AA:$AL, 0, MATCH(Q$1, Detail!$AA$1:$AL$1, 0)), Detail!$J:$J, $A14) -> 123 | R14: =O14+P14-Q14 -> 87 | T14: =SUMIFS(INDEX(Detail!$AA:$AL, 0, MATCH(T$1, Detail!$AA$1:$AL$1, 0)), Detail!$J:$J, $A14) -> 123 | U14: =R14+S14-T14 -> -36 | V14: =96*17 -> 1632 | W14: =SUMIFS(INDEX(Detail!$AA:$AL, 0, MATCH(W$1, Detail!$AA$1:$AL$1, 0)), Detail!$J:$J, $A14) -> 329 | X14: =U14+V14-W14 -> 1267 | Y14: =96*16 -> 1536 | Z14: =SUMIFS(INDEX(Detail!$AA:$AL, 0, MATCH(Z$1, Detail!$AA$1:$AL$1, 0)), Detail!$J:$J, $A14) -> 354 | AA14: =X14+Y14-Z14 -> 2449 | AB14: 96 | AC14: =SUMIFS(INDEX(Detail!$AA:$AL, 0, MATCH(AC$1, Detail!$AA$1:$AL$1, 0)), Detail!$J:$J, $A14) -> 1080 | AD14: =AA14+AB14-AC14 -> 1465 | AE14: =96*22 -> 2112 | AF14: =SUMIFS(INDEX(Detail!$AA:$AL, 0, MATCH(AF$1, Detail!$AA$1:$AL$1, 0)), Detail!$J:$J, $A14) -> 1106 | AG14: =AD14+AE14-AF14 -> 2471 | AI14: =SUMIFS(INDEX(Detail!$AA:$AL, 0, MATCH(AI$1, Detail!$AA$1:$AL$1, 0)), Detail!$J:$J, $A14) -> 1138 | AJ14: =AG14+AH14-AI14 -> 1333 | AK14: =96*22 -> 2112 | AL14: =SUMIFS(INDEX(Detail!$AA:$AL, 0, MATCH(AL$1, Detail!$AA$1:$AL$1, 0)), Detail!$J:$J, $A14) -> 1138 | AM14: =AJ14+AK14-AL14 -> 2307 | AO14: =SUMIFS(INDEX(Detail!$AA:$AL, 0, MATCH(AO$1, Detail!$AA$1:$AL$1, 0)), Detail!$J:$J, $A14) -> 1138 | AP14: =AM14+AN14-AO14 -> 1169 | AQ14: =96*22 -> 2112 | AR14: =SUMIFS(INDEX(Detail!$AA:$AL, 0, MATCH(AR$1, Detail!$AA$1:$AL$1, 0)), Detail!$J:$J, $A14) -> 1138 | AS14: =AP14+AQ14-AR14 -> 2143 | AT14: =96*22 -> 2112 | AU14: =SUMIFS(INDEX(Detail!$AA:$AN, 0, MATCH(AU$1, Detail!$AA$1:$AN$1, 0)), Detail!$J:$J, $A14) -> 1138 | AV14: =AS14+AT14-AU14 -> 3117 | AX14: =SUMIFS(INDEX(Detail!$AA:$AN, 0, MATCH(AX$1, Detail!$AA$1:$AN$1, 0)), Detail!$J:$J, $A14) -> 1138 | AY14: =AV14+AW14-AX14 -> 1979
A15: Exeol GTA 2% 5L | B15: 384 | C15: =INDEX(D15:AZ15, MATCH($C$2, $D$1:$AZ$1, 0))/VLOOKUP(A15,'DK đặt hàng'!A:C,3,FALSE) -> 3 | E15: =SUMIFS([4]!Table2[Feb.26],[4]!Table2[Sản phẩm],NXT!$A15) -> 0 | F15: =B15+D15-E15 -> 384 | H15: 0 | I15: =F15+G15-H15 -> 384 | K15: =SUMIFS(INDEX(Detail!$AA:$AL, 0, MATCH(K$1, Detail!$AA$1:$AL$1, 0)), Detail!$J:$J, $A15) -> 0 | L15: =I15+J15-K15 -> 384 | N15: =SUMIFS(INDEX(Detail!$AA:$AL, 0, MATCH(N$1, Detail!$AA$1:$AL$1, 0)), Detail!$J:$J, $A15) -> 0 | O15: =L15+M15-N15 -> 384 | Q15: =SUMIFS(INDEX(Detail!$AA:$AL, 0, MATCH(Q$1, Detail!$AA$1:$AL$1, 0)), Detail!$J:$J, $A15) -> 9 | R15: =O15+P15-Q15 -> 375 | T15: =SUMIFS(INDEX(Detail!$AA:$AL, 0, MATCH(T$1, Detail!$AA$1:$AL$1, 0)), Detail!$J:$J, $A15) -> 9 | U15: =R15+S15-T15 -> 366 | W15: =SUMIFS(INDEX(Detail!$AA:$AL, 0, MATCH(W$1, Detail!$AA$1:$AL$1, 0)), Detail!$J:$J, $A15) -> 23 | X15: =U15+V15-W15 -> 343 | Z15: =SUMIFS(INDEX(Detail!$AA:$AL, 0, MATCH(Z$1, Detail!$AA$1:$AL$1, 0)), Detail!$J:$J, $A15) -> 30 | AA15: =X15+Y15-Z15 -> 313 | AB15: =96*5 -> 480 | AC15: =SUMIFS(INDEX(Detail!$AA:$AL, 0, MATCH(AC$1, Detail!$AA$1:$AL$1, 0)), Detail!$J:$J, $A15) -> 107 | AD15: =AA15+AB15-AC15 -> 686 | AF15: =SUMIFS(INDEX(Detail!$AA:$AL, 0, MATCH(AF$1, Detail!$AA$1:$AL$1, 0)), Detail!$J:$J, $A15) -> 135 | AG15: =AD15+AE15-AF15 -> 551 | AH15: =96*5 -> 480 | AI15: =SUMIFS(INDEX(Detail!$AA:$AL, 0, MATCH(AI$1, Detail!$AA$1:$AL$1, 0)), Detail!$J:$J, $A15) -> 376 | AJ15: =AG15+AH15-AI15 -> 655 | AL15: =SUMIFS(INDEX(Detail!$AA:$AL, 0, MATCH(AL$1, Detail!$AA$1:$AL$1, 0)), Detail!$J:$J, $A15) -> 426 | AM15: =AJ15+AK15-AL15 -> 229 | AN15: =96*15 -> 1440 | AO15: =SUMIFS(INDEX(Detail!$AA:$AL, 0, MATCH(AO$1, Detail!$AA$1:$AL$1, 0)), Detail!$J:$J, $A15) -> 426 | AP15: =AM15+AN15-AO15 -> 1243 | AR15: =SUMIFS(INDEX(Detail!$AA:$AL, 0, MATCH(AR$1, Detail!$AA$1:$AL$1, 0)), Detail!$J:$J, $A15) -> 426 | AS15: =AP15+AQ15-AR15 -> 817 | AT15: =96*3 -> 288 | AU15: =SUMIFS(INDEX(Detail!$AA:$AN, 0, MATCH(AU$1, Detail!$AA$1:$AN$1, 0)), Detail!$J:$J, $A15) -> 426 | AV15: =AS15+AT15-AU15 -> 679 | AX15: =SUMIFS(INDEX(Detail!$AA:$AN, 0, MATCH(AX$1, Detail!$AA$1:$AN$1, 0)), Detail!$J:$J, $A15) -> 426 | AY15: =AV15+AW15-AX15 -> 253
C16: =SUM(C3:C15) -> 44

Sheet Tồn kho
A1: STT | B1: TÊN HÀNG HÓA | C1: QUY CÁCH THÙNG | D1: ITEM CODE | E1: LOT | F1: DATE | G1: ĐƠN VỊ TÍNH | H1: SỐ LƯỢNG ĐẦU KỲ | I1: 13/11/2025 | J1: 25/11/2025 | K1: CÒN LẠI
A2: 1 | B2: EXEOL STRIPS GTA 2% - Z1 | C2: Thùng 50 ống 100 que thử | D2: AC0174 | E2: 421024 | F2: 31/05/2027 | G2: ống | H2: 50 | I2: 1 | K2: =H2-SUM(I2:J2) -> 49
A3: 2 | B3: EXEOL STRIPS OPA - Z1 | C3: Thùng 50 ống 100 que thử | D3: AC0176 | E3: 4210242 | F3: 30/11/2026 | G3: ống | H3: 50 | I3: 1 | K3: =H3-SUM(I3:J3) -> 49
A4: 3 | B4: EXEOL SURF 30 (BPR) 12X1L | C4: Thùng 12 chai 1L | D4: EXS0034FR | E4: 4S49N4042 | F4: 46123 | G4: chai | H4: 288 | I4: 12 | K4: =H4-SUM(I4:J4) -> 276
A5: 4 | B5: EXEOL SURF 30 (BPR) 4X5L | C5: Thùng 4 can 5L | D5: EXS0035FR | E5: 5S05N0381 | F5: 30/12/2026 | G5: can | H5: 64 | K5: =H5-SUM(I5:J5) -> 64
C6: Thùng 4 can 5L | E6: 5S24N2184 | F6: 46665 | G6: can | H6: 128 | K6: =H6-SUM(I6:J6) -> 128
A7: 5 | B7: EXEOL SURF OPTIMAL 12X750ML | C7: Thùng 12 chai 750mL | D7: EXS0038Z1 | E7: 5S24N2179 | F7: 46635 | G7: chai | H7: 360 | I7: 12 | K7: =H7-SUM(I7:J7) -> 348
A8: 6 | B8: EXEOL WIPES OPTIMAL 12X100 | C8: Thùng 12 hộp 100 miếng | D8: EXS00412F | E8: 5S12N1093 | F8: 17/02/2027 | G8: túi | H8: 360 | I8: 12 | K8: =H8-SUM(I8:J8) -> 348
A9: 7 | B9: EXEOL SEPT FIRST 6X1L DOS 20ML | C9: Thùng 6 chai 1L kèm bơm định lượng 20mL | D9: EXS0043FR-01 | E9: 5S23N2032 | F9: 46451 | G9: chai | H9: 60 | I9: 6 | K9: =H9-SUM(I9:J9) -> 54
C10: Thùng 6 chai 1L kèm bơm định lượng 20mL | E10: 5S28N2509 | F10: 46636 | G10: chai | H10: 192 | K10: =H10-SUM(I10:J10) -> 192
A11: 8 | B11: EXEOL SEPT E2 6X1L DOSEUR 20ML | C11: Thùng 6 chai 1L kèm bơm định lượng 20mL | D11: EXS0046EN | E11: 5S07N0666 | F11: 46692 | G11: chai | H11: 252 | I11: 6 | K11: =H11-SUM(I11:J11) -> 246
A12: 9 | B12: EXEOL CLEAN 4E 6X1L DOSE 20ML | C12: Thùng 6 chai 1L kèm bơm định lượng 20mL | D12: EXS0060Z1 | E12: 5S16N1487 | F12: 23/03/2027 | G12: chai | H12: 252 | I12: 6 | K12: =H12-SUM(I12:J12) -> 246
A13: 10 | B13: EXEOL SEPT E2 4X5L +1 PPE 20ML | C13: Thùng 4 can 5L kèm bơm định lượng20mL | D13: EXS0087EN | E13: 5S25N2268 | F13: 18/05/2027 | G13: can | H13: 192 | K13: =H13-SUM(I13:J13) -> 192
A14: 11 | B14: EXEOL SEPT FIRST 4X5L+1PP 20ML | C14: Thùng 4 can 5L kèm bơm định lượng20mL | D14: EXS0088FR_01 | E14: 5S23N2086 | F14: 46451 | G14: can | H14: 192 | K14: =H14-SUM(I14:J14) -> 192
A15: 12 | B15: EXEOL CLEAN 4E 4X5L+1 PPE 20ML | C15: Thùng 4 can 5L kèm bơm định lượng20mL | D15: EXS0091Z1 | E15: 5S06N0570 | F15: 13/01/2027 | G15: can | H15: 192 | I15: 1 | J15: 1 | K15: =H15-SUM(I15:J15) -> 190
A16: 13 | B16: EXEOL GTA 2% 4X5L | C16: Thùng 4 can 5L | D16: EXS0092Z1 | E16: 5S16N1564 | F16: 16/03/2027 | G16: can | H16: 256 | I16: 4 | K16: =H16-SUM(I16:J16) -> 252
C17: Thùng 4 can 5L | E17: 5S24N2177 | F17: 46696 | G17: can | H17: 128 | K17: =H17-SUM(I17:J17) -> 128
A18: 14 | B18: EXEOL OPA 4X5L | C18: Thùng 4 can 5L | D18: EXS0095Z1 | E18: 5S24N2186 | F18: 46726 | G18: can | H18: 384 | I18: =4 -> 4 | J18: 4 | K18: =H18-SUM(I18:J18) -> 376

Sheet Output
A1: Pháp nhân bán hàng | B1: (Multiple Items)
A3: Row Labels | B3: Sum of Doanh thu ước tính
A4: Exeol OPA 5L | B4: 3.1589437e+09
A5: Bệnh viện An Bình | B5: 686000000
A6: Bệnh Viện Bắc Thăng Long | B6: 13720000
A7: Bệnh viện Bãi Cháy | B7: 357000000
A8: Bệnh viện Đa Khoa An Giang | B8: 238000000
A9: Bệnh viện đa khoa Chương Mỹ | B9: 2482666.7
A10: Bệnh viện đa khoa Đông Anh | B10: 40833333
A11: Bệnh Viện Đa Khoa Đống Đa | B11: 61250000
A12: Bệnh viện Đa Khoa Hà Trung | B12: 32666667
A13: Bệnh viện đa khoa Khu Vực Cù Lao Minh | B13: 57893500
A14: Bệnh viện đa khoa Phú Xuyên | B14: 49000000
A15: Bệnh viện Đa Khoa Sơn Tây | B15: 40833333
... A127: Grand Total | B127: 1.0165997e+10

Sheet Detail
A1: Tháng | B1: Năm | C1: Ngành hàng | D1: KV | E1: Tên PS | F1: Số IB | G1: Tên Khách hàng | H1: Hãng SX | I1: Tên mặt hàng dự thầu | J1: Sodel | K1: Phân nhóm lớn sản phẩm trúng thầu | L1: Phân nhóm nhỏ sản phẩm trúng thầu | M1: Nhập khẩu/ Việt Nam | N1: Dung tích | O1: Số lượng trúng thầu | P1: Đơn giá trúng thầu | Q1: Pháp nhân bán hàng | R1: Đơn giá Sodel | S1: Giá trị trúng thầu | T1: Giá trị trúng thầu (chưa VAT) SODEL | U1: Tỷ lệ trúng thầu | V1: Cấu hình trúng thầu | W1: Số tháng phát sinh | X1: Doanh thu ước tính | Y1: CPK | Z1: %Margin | AA1: Apr.26 | AB1: May.26 | AC1: Jun.26 | AD1: Jul.26 | AE1: Aug.26 | AF1: Sep.26 | AG1: Oct.26 | AH1: Nov.26 | AI1: Dec.26 | AJ1: Jan.27 | AK1: Feb.27 | AL1: Mar.27 | AM1: Apr.27 | AN1: May.27
A2: 4 | B2: 2025 | C2: KSNK | D2: MN | E2: Huỳnh Thị Thùy Linh | F2: IB2400555229 | G2: Bệnh viện Đa Khoa Tỉnh Trà Vinh | H2: Zhivas | I2: Zhivasept Opa | J2: Exeol OPA 5L | K2: Xử lý dụng cụ | L2: KK mức độ cao | M2: Nhập khẩu | N2: 5000 | O2: 100 | P2: 950000 | Q2: Hào Tín | R2: 714000 | S2: 95000000 | T2: =R2*O2 -> 71400000 | U2: 0.09 | V2: Dung dịch khử khuẩn dụng cụ Ortho- Phthalaldehyde 0,55% - Thành phần chính: Ortho-phthalaldehyde 0,55%; pH = 65 - 85, dung dịch pha sẵn (không cần hoạt hóa) - Khử khuẩn mức độ cao trong 5 phút các dụng cụ nội khoa, ngoại khoa, dụng cụ nội soi và dụng cụ không chịu nhiệt - Không mùi, không gây ăn mòn dụng cụ - Phổ diệt khuẩn rộng: diệt khuẩn EN 14561, diệt nấm EN 14562, diệt virus EN 14476, diệt vi khuẩn lao EN 14563 - Tái sử dụng trong 14 ngày (tặng kèm test thử để kiểm tra nồng độ OPA) - Quy cách: Can 5 lít Tiêu chuẩn chất lượng ISO 13485:2016, CE | W2: 11 | X2: =T2*W2/12 -> 65450000 | Y2: =VLOOKUP(Q2,'[3]DATA VALID'!M:O,3,FALSE) -> 0 | Z2: =(R2-VLOOKUP(J2,'[3]DATA VALID'!G:K,5,FALSE))/R2-Y2*1.24 -> 0.31618908 | AB2: =ROUNDUP(Table2[[#This Row],[ Số lượng trúng thầu ]]*Table2[[#This Row],[Số tháng phát sinh]]/12/Table2[[#This Row],[Số tháng phát sinh]],0) -> 9 | AC2: =ROUNDUP(Table2[[#This Row],[ Số lượng trúng thầu ]]*Table2[[#This Row],[Số tháng phát sinh]]/12/Table2[[#This Row],[Số tháng phát sinh]],0) -> 9 | AD2: =ROUNDUP(Table2[[#This Row],[ Số lượng trúng thầu ]]*Table2[[#This Row],[Số tháng phát sinh]]/12/Table2[[#This Row],[Số tháng phát sinh]],0) -> 9 | AE2: =ROUNDUP(Table2[[#This Row],[ Số lượng trúng thầu ]]*Table2[[#This Row],[Số tháng phát sinh]]/12/Table2[[#This Row],[Số tháng phát sinh]],0) -> 9 | AF2: =ROUNDUP(Table2[[#This Row],[ Số lượng trúng thầu ]]*Table2[[#This Row],[Số tháng phát sinh]]/12/Table2[[#This Row],[Số tháng phát sinh]],0) -> 9 | AG2: =ROUNDUP(Table2[[#This Row],[ Số lượng trúng thầu ]]*Table2[[#This Row],[Số tháng phát sinh]]/12/Table2[[#This Row],[Số tháng phát sinh]],0) -> 9 | AH2: =ROUNDUP(Table2[[#This Row],[ Số lượng trúng thầu ]]*Table2[[#This Row],[Số tháng phát sinh]]/12/Table2[[#This Row],[Số tháng phát sinh]],0) -> 9 | AI2: =ROUNDUP(Table2[[#This Row],[ Số lượng trúng thầu ]]*Table2[[#This Row],[Số tháng phát sinh]]/12/Table2[[#This Row],[Số tháng phát sinh]],0) -> 9 | ... AN2: =ROUNDUP(Table2[[#This Row],[ Số lượng trúng thầu ]]*Table2[[#This Row],[Số tháng phát sinh]]/12/Table2[[#This Row],[Số tháng phát sinh]],0) -> 9
A3: 4 | B3: 2025 | C3: KSNK | D3: MN | E3: Huỳnh Thị Thùy Linh | F3: IB2400555229 | G3: Bệnh viện Đa Khoa Tỉnh Trà Vinh | H3: Anios | I3: Anios’Clean Excel D | J3: Exeol sept first 5L | K3: Xử lý dụng cụ | L3: Làm sạch và tiền KK | M3: Nhập khẩu | N3: 5000 | O3: 80 | P3: 1640000 | Q3: Hào Tín | R3: 1218000 | S3: 131200000 | T3: =R3*O3 -> 97440000 | U3: 0.13 | V3: 1 Thành phần: 6,5% Didecyldimethyl ammonium chloride + 0,074% Chlorhexidine digluconate, chất hoạt động bề mặt non-ionic 2 Làm sạch và khử khuẩn dụng cụ y tế Nồng độ sử dụng 05% (25ml trong 5 lít nước) pH = 66 - 76 Thời gian tiếp xúc: từ 5 phút Quy cách: Can 5 lít 3 Hiệu quả diệt khuẩn - Diệt khuẩn EN 14561 - Diệt nấm EN 14562 - Diệt vi khuẩn lao EN 14563 - Diệt virus Vaccinia EN 17111 4 Đạt tiêu chuẩn CE, ISO 13485, ISO 9001 | W3: 11 | X3: =T3*W3/12 -> 89320000 | Y3: =VLOOKUP(Q3,'[3]DATA VALID'!M:O,3,FALSE) -> 0 | Z3: =(R3-VLOOKUP(J3,'[3]DATA VALID'!G:K,5,FALSE))/R3-Y3*1.24 -> 0.49399015 | AB3: =ROUNDUP(Table2[[#This Row],[ Số lượng trúng thầu ]]*Table2[[#This Row],[Số tháng phát sinh]]/12/Table2[[#This Row],[Số tháng phát sinh]],0) -> 7 | AC3: =ROUNDUP(Table2[[#This Row],[ Số lượng trúng thầu ]]*Table2[[#This Row],[Số tháng phát sinh]]/12/Table2[[#This Row],[Số tháng phát sinh]],0) -> 7 | AD3: =ROUNDUP(Table2[[#This Row],[ Số lượng trúng thầu ]]*Table2[[#This Row],[Số tháng phát sinh]]/12/Table2[[#This Row],[Số tháng phát sinh]],0) -> 7 | AE3: =ROUNDUP(Table2[[#This Row],[ Số lượng trúng thầu ]]*Table2[[#This Row],[Số tháng phát sinh]]/12/Table2[[#This Row],[Số tháng phát sinh]],0) -> 7 | AF3: =ROUNDUP(Table2[[#This Row],[ Số lượng trúng thầu ]]*Table2[[#This Row],[Số tháng phát sinh]]/12/Table2[[#This Row],[Số tháng phát sinh]],0) -> 7 | AG3: =ROUNDUP(Table2[[#This Row],[ Số lượng trúng thầu ]]*Table2[[#This Row],[Số tháng phát sinh]]/12/Table2[[#This Row],[Số tháng phát sinh]],0) -> 7 | AH3: =ROUNDUP(Table2[[#This Row],[ Số lượng trúng thầu ]]*Table2[[#This Row],[Số tháng phát sinh]]/12/Table2[[#This Row],[Số tháng phát sinh]],0) -> 7 | AI3: =ROUNDUP(Table2[[#This Row],[ Số lượng trúng thầu ]]*Table2[[#This Row],[Số tháng phát sinh]]/12/Table2[[#This Row],[Số tháng phát sinh]],0) -> 7 | ... AN3: =ROUNDUP(Table2[[#This Row],[ Số lượng trúng thầu ]]*Table2[[#This Row],[Số tháng phát sinh]]/12/Table2[[#This Row],[Số tháng phát sinh]],0) -> 7
A4: 4 | B4: 2025 | C4: KSNK | D4: MN | E4: Nguyễn Thái Hằng | F4: IB2400542262 | G4: Bệnh viện Truyền Máu Huyết Học | H4: Anios | I4: Aniosyme X3 | J4: Exeol sept 2E 1L | K4: Xử lý dụng cụ | L4: Làm sạch và tiền KK | M4: Nhập khẩu | N4: 1000 | O4: 17 | P4: 595000 | Q4: SPC | R4: 530000 | S4: 10115000 | T4: =R4*O4 -> 9010000 | U4: 0.11 | V4: 14% N,N-Didecyl-N-Methyl-poly(oxyethyl)ammonium propionate + 0,3% Chlorhexidine digluconate Hỗn hợp 3 enzym: protease, lipase và amylase Tiêu chuẩn ISO/TS 15883-5:2005EN 14561, EN 14476 | W4: 11 | X4: =T4*W4/12 -> 8259166.7 | Y4: =VLOOKUP(Q4,'[3]DATA VALID'!M:O,3,FALSE) -> 0.1 | Z4: =(R4-VLOOKUP(J4,'[3]DATA VALID'!G:K,5,FALSE))/R4-Y4*1.24 -> 0.41266981 | AB4: =ROUNDUP(Table2[[#This Row],[ Số lượng trúng thầu ]]*Table2[[#This Row],[Số tháng phát sinh]]/12/Table2[[#This Row],[Số tháng phát sinh]],0) -> 2 | AC4: =ROUNDUP(Table2[[#This Row],[ Số lượng trúng thầu ]]*Table2[[#This Row],[Số tháng phát sinh]]/12/Table2[[#This Row],[Số tháng phát sinh]],0) -> 2 | AD4: =ROUNDUP(Table2[[#This Row],[ Số lượng trúng thầu ]]*Table2[[#This Row],[Số tháng phát sinh]]/12/Table2[[#This Row],[Số tháng phát sinh]],0) -> 2 | AE4: =ROUNDUP(Table2[[#This Row],[ Số lượng trúng thầu ]]*Table2[[#This Row],[Số tháng phát sinh]]/12/Table2[[#This Row],[Số tháng phát sinh]],0) -> 2 | AF4: =ROUNDUP(Table2[[#This Row],[ Số lượng trúng thầu ]]*Table2[[#This Row],[Số tháng phát sinh]]/12/Table2[[#This Row],[Số tháng phát sinh]],0) -> 2 | AG4: =ROUNDUP(Table2[[#This Row],[ Số lượng trúng thầu ]]*Table2[[#This Row],[Số tháng phát sinh]]/12/Table2[[#This Row],[Số tháng phát sinh]],0) -> 2 | AH4: =ROUNDUP(Table2[[#This Row],[ Số lượng trúng thầu ]]*Table2[[#This Row],[Số tháng phát sinh]]/12/Table2[[#This Row],[Số tháng phát sinh]],0) -> 2 | AI4: =ROUNDUP(Table2[[#This Row],[ Số lượng trúng thầu ]]*Table2[[#This Row],[Số tháng phát sinh]]/12/Table2[[#This Row],[Số tháng phát sinh]],0) -> 2 | ... AN4: =ROUNDUP(Table2[[#This Row],[ Số lượng trúng thầu ]]*Table2[[#This Row],[Số tháng phát sinh]]/12/Table2[[#This Row],[Số tháng phát sinh]],0) -> 2
A5: 4 | B5: 2025 | C5: KSNK | D5: MN | E5: Nguyễn Thái Hằng | F5: IB2400542262 | G5: Bệnh viện Truyền Máu Huyết Học | H5: Anios | I5: Wip'Anios Excel | J5: =VLOOKUP(I5,'[3]DATA VALID'!A:B,2,FALSE) -> Exeol wipe optimal | K5: Xử lý bề mặt | L5: Khăn lau | M5: Nhập khẩu | N5: 100 | O5: 100 | P5: 290000 | Q5: SPC | R5: 245000 | S5: 29000000 | T5: =R5*O5 -> 24500000 | U5: 0.31 | V5: Khăn tẩm dung dịch Didecyldimethyl ammonium chloride 03% và không chứa cồn Làm sạch & khử khuẩn bề mặt, lau sơ bộ ống nội soi trước khi ngâm làm sạch và khử khuẩn Phân hủy vi sinh 100% Đạt tiêu chuẩn EN 16615 Thời gian tiếp xúc: từ 2 phút Diệt virus theo tiêu chuẩn EN 14476 Ổn định trong 3 tháng kể từ ngày mở túi | W5: 11 | X5: =T5*W5/12 -> 22458333 | Y5: =VLOOKUP(Q5,'[3]DATA VALID'!M:O,3,FALSE) -> 0.1 | Z5: =(R5-VLOOKUP(J5,'[3]DATA VALID'!G:K,5,FALSE))/R5-Y5*1.24 -> 0.36423429 | AB5: =ROUNDUP(Table2[[#This Row],[ Số lượng trúng thầu ]]*Table2[[#This Row],[Số tháng phát sinh]]/12/Table2[[#This Row],[Số tháng phát sinh]],0) -> 9 | AC5: =ROUNDUP(Table2[[#This Row],[ Số lượng trúng thầu ]]*Table2[[#This Row],[Số tháng phát sinh]]/12/Table2[[#This Row],[Số tháng phát sinh]],0) -> 9 | AD5: =ROUNDUP(Table2[[#This Row],[ Số lượng trúng thầu ]]*Table2[[#This Row],[Số tháng phát sinh]]/12/Table2[[#This Row],[Số tháng phát sinh]],0) -> 9 | AE5: =ROUNDUP(Table2[[#This Row],[ Số lượng trúng thầu ]]*Table2[[#This Row],[Số tháng phát sinh]]/12/Table2[[#This Row],[Số tháng phát sinh]],0) -> 9 | AF5: =ROUNDUP(Table2[[#This Row],[ Số lượng trúng thầu ]]*Table2[[#This Row],[Số tháng phát sinh]]/12/Table2[[#This Row],[Số tháng phát sinh]],0) -> 9 | AG5: =ROUNDUP(Table2[[#This Row],[ Số lượng trúng thầu ]]*Table2[[#This Row],[Số tháng phát sinh]]/12/Table2[[#This Row],[Số tháng phát sinh]],0) -> 9 | AH5: =ROUNDUP(Table2[[#This Row],[ Số lượng trúng thầu ]]*Table2[[#This Row],[Số tháng phát sinh]]/12/Table2[[#This Row],[Số tháng phát sinh]],0) -> 9 | AI5: =ROUNDUP(Table2[[#This Row],[ Số lượng trúng thầu ]]*Table2[[#This Row],[Số tháng phát sinh]]/12/Table2[[#This Row],[Số tháng phát sinh]],0) -> 9 | ... AN5: =ROUNDUP(Table2[[#This Row],[ Số lượng trúng thầu ]]*Table2[[#This Row],[Số tháng phát sinh]]/12/Table2[[#This Row],[Số tháng phát sinh]],0) -> 9
A6: 5 | B6: 2025 | C6: KSNK | D6: MB | E6: Hứa Thùy Linh | F6: IB2500081754 | G6: Bệnh viện Bãi Cháy | H6: Zhivas | I6: Zhivasept Opa | J6: Exeol OPA 5L | K6: Xử lý dụng cụ | L6: KK mức độ cao | M6: Nhập khẩu | N6: 5000 | O6: 600 | P6: 850000 | Q6: Phương Nam | R6: 714000 | S6: 510000000 | T6: =R6*O6 -> 428400000 | U6: 1 | V6: Thành phần: ≥ 0,55% Ortho- Phthalaldehyde, pH=7-7,8, dung dịch sẵn sàng sử dụng (không cần hoạt hóa). Thời gian ngâm khử khuẩn ≤ 5 phút (ngâm ngập dụng cụ theo phương pháp ngâm thủ công). Tái sử dụng trong 14 ngày có kèm test thử để kiểm tra nồng độ. Đạt tiêu chuẩn ISO 13485:2016, chứng nhận CE Có tối thiểu 01 CFS thuộc G7, Châu Âu hoặc Úc. Can 5 lít | W6: 10 | X6: =T6*W6/12 -> 357000000 | Y6: =VLOOKUP(Q6,'[3]DATA VALID'!M:O,3,FALSE) -> 0 | Z6: =(R6-VLOOKUP(J6,'[3]DATA VALID'!G:K,5,FALSE))/R6-Y6*1.24 -> 0.31618908 | AC6: =ROUNDUP(Table2[[#This Row],[ Số lượng trúng thầu ]]*Table2[[#This Row],[Số tháng phát sinh]]/12/Table2[[#This Row],[Số tháng phát sinh]],0) -> 50 | AD6: =ROUNDUP(Table2[[#This Row],[ Số lượng trúng thầu ]]*Table2[[#This Row],[Số tháng phát sinh]]/12/Table2[[#This Row],[Số tháng phát sinh]],0) -> 50 | AE6: =ROUNDUP(Table2[[#This Row],[ Số lượng trúng thầu ]]*Table2[[#This Row],[Số tháng phát sinh]]/12/Table2[[#This Row],[Số tháng phát sinh]],0) -> 50 | AF6: =ROUNDUP(Table2[[#This Row],[ Số lượng trúng thầu ]]*Table2[[#This Row],[Số tháng phát sinh]]/12/Table2[[#This Row],[Số tháng phát sinh]],0) -> 50 | AG6: =ROUNDUP(Table2[[#This Row],[ Số lượng trúng thầu ]]*Table2[[#This Row],[Số tháng phát sinh]]/12/Table2[[#This Row],[Số tháng phát sinh]],0) -> 50 | AH6: =ROUNDUP(Table2[[#This Row],[ Số lượng trúng thầu ]]*Table2[[#This Row],[Số tháng phát sinh]]/12/Table2[[#This Row],[Số tháng phát sinh]],0) -> 50 | AI6: =ROUNDUP(Table2[[#This Row],[ Số lượng trúng thầu ]]*Table2[[#This Row],[Số tháng phát sinh]]/12/Table2[[#This Row],[Số tháng phát sinh]],0) -> 50 | AJ6: =ROUNDUP(Table2[[#This Row],[ Số lượng trúng thầu ]]*Table2[[#This Row],[Số tháng phát sinh]]/12/Table2[[#This Row],[Số tháng phát sinh]],0) -> 50 | ... AN6: =ROUNDUP(Table2[[#This Row],[ Số lượng trúng thầu ]]*Table2[[#This Row],[Số tháng phát sinh]]/12/Table2[[#This Row],[Số tháng phát sinh]],0) -> 50
A7: 5 | B7: 2025 | C7: KSNK | D7: MN | E7: Huỳnh Thị Thùy Linh | F7: IB2500091193 | G7: Bệnh viện Đa Khoa Khu Vực Thủ Đức | H7: Anios | I7: Aniospray Surf 29 | J7: Exeol surf 30 1L | K7: Xử lý bề mặt | L7: Phun tay | M7: Nhập khẩu | N7: 1000 | O7: 300 | P7: 290000 | Q7: SPC | R7: 260000 | S7: 87000000 | T7: =R7*O7 -> 78000000 | U7: 1 | V7: 1 Thành phần: 0,05% Didecyldimethyl ammonium chloride + 0,06% Chlorhexidine digluconate kết hợp 22,57% Ethanol 2 Khử khuẩn nhanh các bề mặt 3 Hiệu quả diệt khuẩn, diệt nấm theo EN 13697 Diệt virus (PRV, BVDV, HSV 1) từ 1 phút - Xuất xứ: Pháp 4 Đạt tiêu chuẩn CE, ISO 13485, ISO 9001 | W7: 10 | X7: =T7*W7/12 -> 65000000 | Y7: =VLOOKUP(Q7,'[3]DATA VALID'!M:O,3,FALSE) -> 0.1 | Z7: =(R7-VLOOKUP(J7,'[3]DATA VALID'!G:K,5,FALSE))/R7-Y7*1.24 -> 0.39375923 | AC7: =ROUNDUP(Table2[[#This Row],[ Số lượng trúng thầu ]]*Table2[[#This Row],[Số tháng phát sinh]]/12/Table2[[#This Row],[Số tháng phát sinh]],0) -> 25 | AD7: =ROUNDUP(Table2[[#This Row],[ Số lượng trúng thầu ]]*Table2[[#This Row],[Số tháng phát sinh]]/12/Table2[[#This Row],[Số tháng phát sinh]],0) -> 25 | AE7: =ROUNDUP(Table2[[#This Row],[ Số lượng trúng thầu ]]*Table2[[#This Row],[Số tháng phát sinh]]/12/Table2[[#This Row],[Số tháng phát sinh]],0) -> 25 | AF7: =ROUNDUP(Table2[[#This Row],[ Số lượng trúng thầu ]]*Table2[[#This Row],[Số tháng phát sinh]]/12/Table2[[#This Row],[Số tháng phát sinh]],0) -> 25 | AG7: =ROUNDUP(Table2[[#This Row],[ Số lượng trúng thầu ]]*Table2[[#This Row],[Số tháng phát sinh]]/12/Table2[[#This Row],[Số tháng phát sinh]],0) -> 25 | AH7: =ROUNDUP(Table2[[#This Row],[ Số lượng trúng thầu ]]*Table2[[#This Row],[Số tháng phát sinh]]/12/Table2[[#This Row],[Số tháng phát sinh]],0) -> 25 | AI7: =ROUNDUP(Table2[[#This Row],[ Số lượng trúng thầu ]]*Table2[[#This Row],[Số tháng phát sinh]]/12/Table2[[#This Row],[Số tháng phát sinh]],0) -> 25 | AJ7: =ROUNDUP(Table2[[#This Row],[ Số lượng trúng thầu ]]*Table2[[#This Row],[Số tháng phát sinh]]/12/Table2[[#This Row],[Số tháng phát sinh]],0) -> 25 | ... AN7: =ROUNDUP(Table2[[#This Row],[ Số lượng trúng thầu ]]*Table2[[#This Row],[Số tháng phát sinh]]/12/Table2[[#This Row],[Số tháng phát sinh]],0) -> 25
A8: 5 | B8: 2025 | C8: KSNK | D8: MB | E8: Nghiêm Thị Quỳnh Hương | F8: IB2500098500 | G8: Bệnh viện Đa Khoa Sơn Tây | H8: Anios | I8: Opaster'Anios | J8: Exeol OPA 5L | K8: Xử lý dụng cụ | L8: KK mức độ cao | M8: Nhập khẩu | N8: 5000 | O8: 50 | P8: 1050000 | Q8: SPC | R8: 980000 | S8: 52500000 | T8: =R8*O8 -> 49000000 | U8: 0.09 | V8: 0,55% Ortho- Phthalaldehyde, pH=7 pha sẵn khử khuẩn mức độ cao dụng cụ nội soi và dụng cụ không chịu nhiệt. Không mùi, không hoạt hóa. pH = 7. | W8: 10 | X8: =T8*W8/12 -> 40833333 | Y8: =VLOOKUP(Q8,'[3]DATA VALID'!M:O,3,FALSE) -> 0.1 | Z8: =(R8-VLOOKUP(J8,'[3]DATA VALID'!G:K,5,FALSE))/R8-Y8*1.24 -> 0.3777949 | AC8: =ROUNDUP(Table2[[#This Row],[ Số lượng trúng thầu ]]*Table2[[#This Row],[Số tháng phát sinh]]/12/Table2[[#This Row],[Số tháng phát sinh]],0) -> 5 | AD8: =ROUNDUP(Table2[[#This Row],[ Số lượng trúng thầu ]]*Table2[[#This Row],[Số tháng phát sinh]]/12/Table2[[#This Row],[Số tháng phát sinh]],0) -> 5 | AE8: =ROUNDUP(Table2[[#This Row],[ Số lượng trúng thầu ]]*Table2[[#This Row],[Số tháng phát sinh]]/12/Table2[[#This Row],[Số tháng phát sinh]],0) -> 5 | AF8: =ROUNDUP(Table2[[#This Row],[ Số lượng trúng thầu ]]*Table2[[#This Row],[Số tháng phát sinh]]/12/Table2[[#This Row],[Số tháng phát sinh]],0) -> 5 | AG8: =ROUNDUP(Table2[[#This Row],[ Số lượng trúng thầu ]]*Table2[[#This Row],[Số tháng phát sinh]]/12/Table2[[#This Row],[Số tháng phát sinh]],0) -> 5 | AH8: =ROUNDUP(Table2[[#This Row],[ Số lượng trúng thầu ]]*Table2[[#This Row],[Số tháng phát sinh]]/12/Table2[[#This Row],[Số tháng phát sinh]],0) -> 5 | AI8: =ROUNDUP(Table2[[#This Row],[ Số lượng trúng thầu ]]*Table2[[#This Row],[Số tháng phát sinh]]/12/Table2[[#This Row],[Số tháng phát sinh]],0) -> 5 | AJ8: =ROUNDUP(Table2[[#This Row],[ Số lượng trúng thầu ]]*Table2[[#This Row],[Số tháng phát sinh]]/12/Table2[[#This Row],[Số tháng phát sinh]],0) -> 5 | ... AN8: =ROUNDUP(Table2[[#This Row],[ Số lượng trúng thầu ]]*Table2[[#This Row],[Số tháng phát sinh]]/12/Table2[[#This Row],[Số tháng phát sinh]],0) -> 5
A9: 5 | B9: 2025 | C9: KSNK | D9: MB | E9: Nghiêm Thị Quỳnh Hương | F9: IB2500098500 | G9: Bệnh viện Đa Khoa Sơn Tây | H9: Anios | I9: Steranios 2% | J9: Exeol GTA 2% 5L | K9: Xử lý dụng cụ | L9: KK mức độ cao | M9: Nhập khẩu | N9: 5000 | O9: 73 | P9: 417000 | Q9: SPC | R9: 428925 | S9: 30441000 | T9: =R9*O9 -> 31311525 | U9: 0.05 | V9: 2% Glutaraldehyde, pH=6 khử khuẩn mức độ cao dụng cụ nội soi và các dụng cụ không chịu nhiệt. Dung dịch pha sẵn không cần hoạt hóa. pH = 6. Diệt khuẩn theo tiêu chuẩn EN 14561, diệt nấm theo tiêu chuẩn EN 14562, diệt virus theo tiêu chuẩn EN 14476 +A1 và diệt Mycobacteria | W9: 10 | X9: =T9*W9/12 -> 26092938 | Y9: =VLOOKUP(Q9,'[3]DATA VALID'!M:O,3,FALSE) -> 0.1 | Z9: =(R9-VLOOKUP(J9,'[3]DATA VALID'!G:K,5,FALSE))/R9-Y9*1.24 -> 0.4292156 | AC9: =ROUNDUP(Table2[[#This Row],[ Số lượng trúng thầu ]]*Table2[[#This Row],[Số tháng phát sinh]]/12/Table2[[#This Row],[Số tháng phát sinh]],0) -> 7 | AD9: =ROUNDUP(Table2[[#This Row],[ Số lượng trúng thầu ]]*Table2[[#This Row],[Số tháng phát sinh]]/12/Table2[[#This Row],[Số tháng phát sinh]],0) -> 7 | AE9: =ROUNDUP(Table2[[#This Row],[ Số lượng trúng thầu ]]*Table2[[#This Row],[Số tháng phát sinh]]/12/Table2[[#This Row],[Số tháng phát sinh]],0) -> 7 | AF9: =ROUNDUP(Table2[[#This Row],[ Số lượng trúng thầu ]]*Table2[[#This Row],[Số tháng phát sinh]]/12/Table2[[#This Row],[Số tháng phát sinh]],0) -> 7 | AG9: =ROUNDUP(Table2[[#This Row],[ Số lượng trúng thầu ]]*Table2[[#This Row],[Số tháng phát sinh]]/12/Table2[[#This Row],[Số tháng phát sinh]],0) -> 7 | AH9: =ROUNDUP(Table2[[#This Row],[ Số lượng trúng thầu ]]*Table2[[#This Row],[Số tháng phát sinh]]/12/Table2[[#This Row],[Số tháng phát sinh]],0) -> 7 | AI9: =ROUNDUP(Table2[[#This Row],[ Số lượng trúng thầu ]]*Table2[[#This Row],[Số tháng phát sinh]]/12/Table2[[#This Row],[Số tháng phát sinh]],0) -> 7 | AJ9: =ROUNDUP(Table2[[#This Row],[ Số lượng trúng thầu ]]*Table2[[#This Row],[Số tháng phát sinh]]/12/Table2[[#This Row],[Số tháng phát sinh]],0) -> 7 | ... AN9: =ROUNDUP(Table2[[#This Row],[ Số lượng trúng thầu ]]*Table2[[#This Row],[Số tháng phát sinh]]/12/Table2[[#This Row],[Số tháng phát sinh]],0) -> 7
A10: 6 | B10: 2025 | C10: KSNK | D10: MN | E10: Nguyễn Thị Xuân Hồng | F10: IB2500074073 | G10: Bệnh viện Chợ Rẫy | H10: Anios | I10: Surfa'Safe Premium | J10: Exeol surf optimal 750ml | K10: Xử lý bề mặt | L10: Phun tay | M10: Nhập khẩu | N10: 750 | O10: 200 | P10: 415000 | Q10: SPC | R10: 360000 | S10: 83000000 | T10: =R10*O10 -> 72000000 | U10: 0.23 | V10: 1. Thành phần: 0.3% Didecyldimethyl ammonium chloride, chất HĐBM, không chứa cồn 2. Làm sạch và khử khuẩn bề mặt trang thiết bị y tế. Tương thích với Polycarbonate, plexiglas. Dung dịch không mùi, không chứ cồn Thời gian tiếp xúc: từ 2 phút 3. Hiệu quả diệt khuẩn Staphylococcus aureus, Pseudomonas aeruginosa, Candida albicans sau 2 phút tiếp xúc Đạt tiêu chuẩn EN 13727, EN13624, EN13697 đánh giá hiệu quả dùng trong y tế. Thể tích đóng gói: Chai 750ml. Đầu phun tạo bọt. | W10: 9 | X10: =T10*W10/12 -> 54000000 | Y10: =VLOOKUP(Q10,'[3]DATA VALID'!M:O,3,FALSE) -> 0.1 | Z10: =(R10-VLOOKUP(J10,'[3]DATA VALID'!G:K,5,FALSE))/R10-Y10*1.24 -> 0.56480833 | AE10: =ROUNDUP(Table2[[#This Row],[ Số lượng trúng thầu ]]*Table2[[#This Row],[Số tháng phát sinh]]/12/9,0) -> 17 | AF10: =ROUNDUP(Table2[[#This Row],[ Số lượng trúng thầu ]]*Table2[[#This Row],[Số tháng phát sinh]]/12/9,0) -> 17 | AG10: =ROUNDUP(Table2[[#This Row],[ Số lượng trúng thầu ]]*Table2[[#This Row],[Số tháng phát sinh]]/12/9,0) -> 17 | AH10: =ROUNDUP(Table2[[#This Row],[ Số lượng trúng thầu ]]*Table2[[#This Row],[Số tháng phát sinh]]/12/9,0) -> 17 | AI10: =ROUNDUP(Table2[[#This Row],[ Số lượng trúng thầu ]]*Table2[[#This Row],[Số tháng phát sinh]]/12/9,0) -> 17 | AJ10: =ROUNDUP(Table2[[#This Row],[ Số lượng trúng thầu ]]*Table2[[#This Row],[Số tháng phát sinh]]/12/9,0) -> 17 | AK10: =ROUNDUP(Table2[[#This Row],[ Số lượng trúng thầu ]]*Table2[[#This Row],[Số tháng phát sinh]]/12/9,0) -> 17 | AL10: =ROUNDUP(Table2[[#This Row],[ Số lượng trúng thầu ]]*Table2[[#This Row],[Số tháng phát sinh]]/12/9,0) -> 17 | ... AN10: =ROUNDUP(Table2[[#This Row],[ Số lượng trúng thầu ]]*Table2[[#This Row],[Số tháng phát sinh]]/12/9,0) -> 17
A11: 6 | B11: 2025 | C11: KSNK | D11: MN | E11: Nguyễn Thị Xuân Hồng | F11: IB2500074073 | G11: Bệnh viện Chợ Rẫy | H11: Anios | I11: Aniospray Surf 29 | J11: Exeol surf 30 1L | K11: Xử lý bề mặt | L11: Phun tay | M11: Nhập khẩu | N11: 1000 | O11: 500 | P11: 290000 | Q11: SPC | R11: 260000 | S11: 145000000 | T11: =R11*O11 -> 130000000 | U11: 0.41 | V11: 1. Thành phần: 0,05% Didecyldimethyl ammonium chloride + 0,06% Chlorhexidine digluconate kết hợp 22,57% Ethanol Thể tích: chai 1 lít 2. Khử khuẩn nhanh các bề mặt 3. Hiệu quả diệt khuẩn, diệt nấm theo EN 13697 đối với diệt khuẩn (kể cả vi khuẩn đa kháng như Acinetobacter baumanni), diệt nấm (Candida albicans, Candida auris) Diệt virus (PRV, BVDV, HSV 1...) theo tiêu chuẩn EN 14476 từ 1 phút Cách dùng: phun xịt bề mặt và lau, thể tích đóng gói 1000ml. | W11: 9 | X11: =T11*W11/12 -> 97500000 | Y11: =VLOOKUP(Q11,'[3]DATA VALID'!M:O,3,FALSE) -> 0.1 | Z11: =(R11-VLOOKUP(J11,'[3]DATA VALID'!G:K,5,FALSE))/R11-Y11*1.24 -> 0.39375923 | AE11: =ROUNDUP(Table2[[#This Row],[ Số lượng trúng thầu ]]*Table2[[#This Row],[Số tháng phát sinh]]/12/9,0) -> 42 | AF11: =ROUNDUP(Table2[[#This Row],[ Số lượng trúng thầu ]]*Table2[[#This Row],[Số tháng phát sinh]]/12/9,0) -> 42 | AG11: =ROUNDUP(Table2[[#This Row],[ Số lượng trúng thầu ]]*Table2[[#This Row],[Số tháng phát sinh]]/12/9,0) -> 42 | AH11: =ROUNDUP(Table2[[#This Row],[ Số lượng trúng thầu ]]*Table2[[#This Row],[Số tháng phát sinh]]/12/9,0) -> 42 | AI11: =ROUNDUP(Table2[[#This Row],[ Số lượng trúng thầu ]]*Table2[[#This Row],[Số tháng phát sinh]]/12/9,0) -> 42 | AJ11: =ROUNDUP(Table2[[#This Row],[ Số lượng trúng thầu ]]*Table2[[#This Row],[Số tháng phát sinh]]/12/9,0) -> 42 | AK11: =ROUNDUP(Table2[[#This Row],[ Số lượng trúng thầu ]]*Table2[[#This Row],[Số tháng phát sinh]]/12/9,0) -> 42 | AL11: =ROUNDUP(Table2[[#This Row],[ Số lượng trúng thầu ]]*Table2[[#This Row],[Số tháng phát sinh]]/12/9,0) -> 42 | ... AN11: =ROUNDUP(Table2[[#This Row],[ Số lượng trúng thầu ]]*Table2[[#This Row],[Số tháng phát sinh]]/12/9,0) -> 42
A12: 6 | B12: 2025 | C12: KSNK | D12: MN | E12: Huỳnh Thị Thùy Linh | F12: IB2500005654 | G12: Bệnh viện Thành Phố Thủ Đức | H12: Anios | I12: Anios’Clean Excel D | J12: Exeol sept first 5L | K12: Xử lý dụng cụ | L12: Làm sạch và tiền KK | M12: Nhập khẩu | N12: 5000 | O12: 110 | P12: 1610000 | Q12: SPC | R12: 1450000 | S12: 177100000 | T12: =R12*O12 -> 159500000 | U12: 0.11 | V12: 1. Thành phần: 6,5% Didecyldimethyl ammonium chloride + 0,074% Chlorhexidine digluconate, chất hoạt động bề mặt non-ionic. 2. Làm sạch và khử khuẩn dụng cụ y tế. Nồng độ sử dụng 0.5% (25ml trong 5 lít nước) pH = 6.6 - 7.6 Thời gian tiếp xúc: từ 5 phút Can 5L với vòi bơm 25ml 3. Hiệu quả diệt khuẩn - Diệt khuẩn theo EN 14561 (Pseudomonas aeruginosa, Staphylococcus aureus, Enterococcus hirae...) thử nghiệm với nước cứng - Diệt các chủng vi khuẩn đa kháng như MRSA, ESBL, VRE theo EN 13727 - Diệt virus HIV-1, HBV, HCV, HSV theo EN 14476 4. Đạt tiêu chuẩn: ISO 15883 (ngăn hình thành màng Biofilm) 5. Đạt tiêu chuẩn CE, ISO 13485 6. Cấp phép lưu hành theo qui định của Bộ Y tế/ Giấy chứng nhận đăng ký lưu hành chế phẩm diệt côn trùng, diệt khuẩn dùng trong lĩnh vực gia dụng và y tế | W12: 9 | X12: =T12*W12/12 -> 119625000 | Y12: =VLOOKUP(Q12,'[3]DATA VALID'!M:O,3,FALSE) -> 0.1 | Z12: =(R12-VLOOKUP(J12,'[3]DATA VALID'!G:K,5,FALSE))/R12-Y12*1.24 -> 0.45095172 | AE12: =ROUNDUP(Table2[[#This Row],[ Số lượng trúng thầu ]]*Table2[[#This Row],[Số tháng phát sinh]]/12/9,0) -> 10 | AF12: =ROUNDUP(Table2[[#This Row],[ Số lượng trúng thầu ]]*Table2[[#This Row],[Số tháng phát sinh]]/12/9,0) -> 10 | AG12: =ROUNDUP(Table2[[#This Row],[ Số lượng trúng thầu ]]*Table2[[#This Row],[Số tháng phát sinh]]/12/9,0) -> 10 | AH12: =ROUNDUP(Table2[[#This Row],[ Số lượng trúng thầu ]]*Table2[[#This Row],[Số tháng phát sinh]]/12/9,0) -> 10 | AI12: =ROUNDUP(Table2[[#This Row],[ Số lượng trúng thầu ]]*Table2[[#This Row],[Số tháng phát sinh]]/12/9,0) -> 10 | AJ12: =ROUNDUP(Table2[[#This Row],[ Số lượng trúng thầu ]]*Table2[[#This Row],[Số tháng phát sinh]]/12/9,0) -> 10 | AK12: =ROUNDUP(Table2[[#This Row],[ Số lượng trúng thầu ]]*Table2[[#This Row],[Số tháng phát sinh]]/12/9,0) -> 10 | AL12: =ROUNDUP(Table2[[#This Row],[ Số lượng trúng thầu ]]*Table2[[#This Row],[Số tháng phát sinh]]/12/9,0) -> 10 | ... AN12: =ROUNDUP(Table2[[#This Row],[ Số lượng trúng thầu ]]*Table2[[#This Row],[Số tháng phát sinh]]/12/9,0) -> 10
A13: 7 | B13: 2025 | C13: KSNK | D13: MB | E13: Phạm Thị Huyền Châm | F13: IB2500261709 | G13: Bệnh viện Bưu Điện | H13: ASP | I13: Cidezyme | J13: Exeol clean 4E 1L | K13: Xử lý dụng cụ | L13: Làm sạch và tiền KK | M13: Nhập khẩu | N13: 1000 | O13: 135 | P13: 651000 | Q13: SPC | R13: 440000 | S13: 87885000 | T13: =R13*O13 -> 59400000 | U13: 0.22 | V13: -Dung dịch ngâm tẩy rửa dụng cụ hoạt tính enzyme, hiệu quả nhanh sau 1 phút. - Thành phần: protease subtilisin 0,5% - pH trung tính không gây ăn mòn dụng cụ - Tương thích với nhiều loại dụng cụ: Silicone, cao su, PTFE, polyurethane, kim loại,… | W13: 8 | X13: =T13*W13/12 -> 39600000 | Y13: =VLOOKUP(Q13,'[3]DATA VALID'!M:O,3,FALSE) -> 0.1 | Z13: =(R13-VLOOKUP(J13,'[3]DATA VALID'!G:K,5,FALSE))/R13-Y13*1.24 -> 0.4049325 | AE13: =ROUNDUP(Table2[[#This Row],[ Số lượng trúng thầu ]]*Table2[[#This Row],[Số tháng phát sinh]]/12/9,0) -> 10 | AF13: =ROUNDUP(Table2[[#This Row],[ Số lượng trúng thầu ]]*Table2[[#This Row],[Số tháng phát sinh]]/12/9,0) -> 10 | AG13: =ROUNDUP(Table2[[#This Row],[ Số lượng trúng thầu ]]*Table2[[#This Row],[Số tháng phát sinh]]/12/9,0) -> 10 | AH13: =ROUNDUP(Table2[[#This Row],[ Số lượng trúng thầu ]]*Table2[[#This Row],[Số tháng phát sinh]]/12/9,0) -> 10 | AI13: =ROUNDUP(Table2[[#This Row],[ Số lượng trúng thầu ]]*Table2[[#This Row],[Số tháng phát sinh]]/12/9,0) -> 10 | AJ13: =ROUNDUP(Table2[[#This Row],[ Số lượng trúng thầu ]]*Table2[[#This Row],[Số tháng phát sinh]]/12/9,0) -> 10 | AK13: =ROUNDUP(Table2[[#This Row],[ Số lượng trúng thầu ]]*Table2[[#This Row],[Số tháng phát sinh]]/12/9,0) -> 10 | AL13: =ROUNDUP(Table2[[#This Row],[ Số lượng trúng thầu ]]*Table2[[#This Row],[Số tháng phát sinh]]/12/9,0) -> 10 | ... AN13: =ROUNDUP(Table2[[#This Row],[ Số lượng trúng thầu ]]*Table2[[#This Row],[Số tháng phát sinh]]/12/9,0) -> 10
A14: 7 | B14: 2025 | C14: KSNK | D14: MB | E14: Phạm Thị Huyền Châm | F14: IB2500261709 | G14: Bệnh viện Bưu Điện | H14: Dr.Weigert | I14: Neodisher MediClean Forte | J14: Exeol clean 4E 1L | K14: Xử lý dụng cụ | L14: Làm sạch và tiền KK | M14: Nhập khẩu | N14: 1000 | O14: 660 | P14: 465000 | Q14: SPC | R14: 440000 | S14: 306900000 | T14: =R14*O14 -> 290400000 | U14: 0.78 | V14: Chi tiết theo bản chào kỹ thuật | W14: 8 | X14: =T14*W14/12 -> 193600000 | Y14: =VLOOKUP(Q14,'[3]DATA VALID'!M:O,3,FALSE) -> 0.1 | Z14: =(R14-VLOOKUP(J14,'[3]DATA VALID'!G:K,5,FALSE))/R14-Y14*1.24 -> 0.4049325 | AE14: =ROUNDUP(Table2[[#This Row],[ Số lượng trúng thầu ]]*Table2[[#This Row],[Số tháng phát sinh]]/12/9,0) -> 49 | AF14: =ROUNDUP(Table2[[#This Row],[ Số lượng trúng thầu ]]*Table2[[#This Row],[Số tháng phát sinh]]/12/9,0) -> 49 | AG14: =ROUNDUP(Table2[[#This Row],[ Số lượng trúng thầu ]]*Table2[[#This Row],[Số tháng phát sinh]]/12/9,0) -> 49 | AH14: =ROUNDUP(Table2[[#This Row],[ Số lượng trúng thầu ]]*Table2[[#This Row],[Số tháng phát sinh]]/12/9,0) -> 49 | AI14: =ROUNDUP(Table2[[#This Row],[ Số lượng trúng thầu ]]*Table2[[#This Row],[Số tháng phát sinh]]/12/9,0) -> 49 | AJ14: =ROUNDUP(Table2[[#This Row],[ Số lượng trúng thầu ]]*Table2[[#This Row],[Số tháng phát sinh]]/12/9,0) -> 49 | AK14: =ROUNDUP(Table2[[#This Row],[ Số lượng trúng thầu ]]*Table2[[#This Row],[Số tháng phát sinh]]/12/9,0) -> 49 | AL14: =ROUNDUP(Table2[[#This Row],[ Số lượng trúng thầu ]]*Table2[[#This Row],[Số tháng phát sinh]]/12/9,0) -> 49 | ... AN14: =ROUNDUP(Table2[[#This Row],[ Số lượng trúng thầu ]]*Table2[[#This Row],[Số tháng phát sinh]]/12/9,0) -> 49
A15: 7 | B15: 2025 | C15: KSNK | D15: MN | E15: Nguyễn Thị Kim Ngọc | F15: IB2500081127 | G15: Bệnh viện Đa Khoa An Giang | H15: Anios | I15: Opaster'Anios | J15: Exeol OPA 5L | K15: Xử lý dụng cụ | L15: KK mức độ cao | M15: Nhập khẩu | N15: 5000 | O15: 500 | P15: 1082025 | Q15: Miền Tây | R15: 714000 | S15: 541012500 | T15: =R15*O15 -> 357000000 | U15: 0.33 | V15: Xin xem Bảng danh mục hàng hóa dự thầu | W15: 8 | X15: =T15*W15/12 -> 238000000 | Y15: =VLOOKUP(Q15,'[3]DATA VALID'!M:O,3,FALSE) -> 0 | Z15: =(R15-VLOOKUP(J15,'[3]DATA VALID'!G:K,5,FALSE))/R15-Y15*1.24 -> 0.31618908 | AE15: =ROUNDUP(Table2[[#This Row],[ Số lượng trúng thầu ]]*Table2[[#This Row],[Số tháng phát sinh]]/12/9,0) -> 38 | AF15: =ROUNDUP(Table2[[#This Row],[ Số lượng trúng thầu ]]*Table2[[#This Row],[Số tháng phát sinh]]/12/9,0) -> 38 | AG15: =ROUNDUP(Table2[[#This Row],[ Số lượng trúng thầu ]]*Table2[[#This Row],[Số tháng phát sinh]]/12/9,0) -> 38 | AH15: =ROUNDUP(Table2[[#This Row],[ Số lượng trúng thầu ]]*Table2[[#This Row],[Số tháng phát sinh]]/12/9,0) -> 38 | AI15: =ROUNDUP(Table2[[#This Row],[ Số lượng trúng thầu ]]*Table2[[#This Row],[Số tháng phát sinh]]/12/9,0) -> 38 | AJ15: =ROUNDUP(Table2[[#This Row],[ Số lượng trúng thầu ]]*Table2[[#This Row],[Số tháng phát sinh]]/12/9,0) -> 38 | AK15: =ROUNDUP(Table2[[#This Row],[ Số lượng trúng thầu ]]*Table2[[#This Row],[Số tháng phát sinh]]/12/9,0) -> 38 | AL15: =ROUNDUP(Table2[[#This Row],[ Số lượng trúng thầu ]]*Table2[[#This Row],[Số tháng phát sinh]]/12/9,0) -> 38 | ... AN15: =ROUNDUP(Table2[[#This Row],[ Số lượng trúng thầu ]]*Table2[[#This Row],[Số tháng phát sinh]]/12/9,0) -> 38
A16: 7 | B16: 2025 | C16: KSNK | D16: MN | E16: Nguyễn Thị Kim Ngọc | F16: IB2500081127 | G16: Bệnh viện Đa Khoa An Giang | H16: Anios | I16: Aniosyme Synergy 5 | J16: Exeol clean 4E 5L | K16: Xử lý dụng cụ | L16: Làm sạch và tiền KK | M16: Nhập khẩu | N16: 5000 | O16: 60 | P16: 2173500 | Q16: Miền Tây | R16: 1260000 | S16: 130410000 | T16: =R16*O16 -> 75600000 | U16: 0.08 | V16: Xin xem Bảng danh mục hàng hóa dự thầu | W16: 8 | X16: =T16*W16/12 -> 50400000 | Y16: =VLOOKUP(Q16,'[3]DATA VALID'!M:O,3,FALSE) -> 0 | Z16: =(R16-VLOOKUP(J16,'[3]DATA VALID'!G:K,5,FALSE))/R16-Y16*1.24 -> 0.27334262 | AE16: =ROUNDUP(Table2[[#This Row],[ Số lượng trúng thầu ]]*Table2[[#This Row],[Số tháng phát sinh]]/12/9,0) -> 5 | AF16: =ROUNDUP(Table2[[#This Row],[ Số lượng trúng thầu ]]*Table2[[#This Row],[Số tháng phát sinh]]/12/9,0) -> 5 | AG16: =ROUNDUP(Table2[[#This Row],[ Số lượng trúng thầu ]]*Table2[[#This Row],[Số tháng phát sinh]]/12/9,0) -> 5 | AH16: =ROUNDUP(Table2[[#This Row],[ Số lượng trúng thầu ]]*Table2[[#This Row],[Số tháng phát sinh]]/12/9,0) -> 5 | AI16: =ROUNDUP(Table2[[#This Row],[ Số lượng trúng thầu ]]*Table2[[#This Row],[Số tháng phát sinh]]/12/9,0) -> 5 | AJ16: =ROUNDUP(Table2[[#This Row],[ Số lượng trúng thầu ]]*Table2[[#This Row],[Số tháng phát sinh]]/12/9,0) -> 5 | AK16: =ROUNDUP(Table2[[#This Row],[ Số lượng trúng thầu ]]*Table2[[#This Row],[Số tháng phát sinh]]/12/9,0) -> 5 | AL16: =ROUNDUP(Table2[[#This Row],[ Số lượng trúng thầu ]]*Table2[[#This Row],[Số tháng phát sinh]]/12/9,0) -> 5 | ... AN16: =ROUNDUP(Table2[[#This Row],[ Số lượng trúng thầu ]]*Table2[[#This Row],[Số tháng phát sinh]]/12/9,0) -> 5
A17: 7 | B17: 2025 | C17: KSNK | D17: MN | E17: Nguyễn Thị Kim Ngọc | F17: IB2500081127 | G17: Bệnh viện Đa Khoa An Giang | H17: Anios | I17: Steranios 2% | J17: Exeol GTA 2% 5L | K17: Xử lý dụng cụ | L17: KK mức độ cao | M17: Nhập khẩu | N17: 5000 | O17: 173 | P17: 450000 | Q17: Miền Tây | R17: 360297 | S17: 77850000 | T17: =R17*O17 -> 62331381 | U17: 0.05 | V17: Xin xem Bảng danh mục hàng hóa dự thầu | W17: 8 | X17: =T17*W17/12 -> 41554254 | Y17: =VLOOKUP(Q17,'[3]DATA VALID'!M:O,3,FALSE) -> 0 | Z17: =(R17-VLOOKUP(J17,'[3]DATA VALID'!G:K,5,FALSE))/R17-Y17*1.24 -> 0.46811381 | AE17: =ROUNDUP(Table2[[#This Row],[ Số lượng trúng thầu ]]*Table2[[#This Row],[Số tháng phát sinh]]/12/9,0) -> 13 | AF17: =ROUNDUP(Table2[[#This Row],[ Số lượng trúng thầu ]]*Table2[[#This Row],[Số tháng phát sinh]]/12/9,0) -> 13 | AG17: =ROUNDUP(Table2[[#This Row],[ Số lượng trúng thầu ]]*Table2[[#This Row],[Số tháng phát sinh]]/12/9,0) -> 13 | AH17: =ROUNDUP(Table2[[#This Row],[ Số lượng trúng thầu ]]*Table2[[#This Row],[Số tháng phát sinh]]/12/9,0) -> 13 | AI17: =ROUNDUP(Table2[[#This Row],[ Số lượng trúng thầu ]]*Table2[[#This Row],[Số tháng phát sinh]]/12/9,0) -> 13 | AJ17: =ROUNDUP(Table2[[#This Row],[ Số lượng trúng thầu ]]*Table2[[#This Row],[Số tháng phát sinh]]/12/9,0) -> 13 | AK17: =ROUNDUP(Table2[[#This Row],[ Số lượng trúng thầu ]]*Table2[[#This Row],[Số tháng phát sinh]]/12/9,0) -> 13 | AL17: =ROUNDUP(Table2[[#This Row],[ Số lượng trúng thầu ]]*Table2[[#This Row],[Số tháng phát sinh]]/12/9,0) -> 13 | ... AN17: =ROUNDUP(Table2[[#This Row],[ Số lượng trúng thầu ]]*Table2[[#This Row],[Số tháng phát sinh]]/12/9,0) -> 13
A18: 7 | B18: 2025 | C18: KSNK | D18: MB | E18: Nguyễn Thị Tình | F18: IB2500108600 | G18: Bệnh viện Đa Khoa Hà Trung | H18: Anios | I18: Opaster'Anios | J18: Exeol OPA 5L | K18: Xử lý dụng cụ | L18: KK mức độ cao | M18: Nhập khẩu | N18: 5000 | O18: 50 | P18: 1125000 | Q18: SPC | R18: 980000 | S18: 56250000 | T18: =R18*O18 -> 49000000 | U18: 0.38 | V18: Theo bản đáp ứng kỹ thuật đính kèm | W18: 8 | X18: =T18*W18/12 -> 32666667 | Y18: =VLOOKUP(Q18,'[3]DATA VALID'!M:O,3,FALSE) -> 0.1 | Z18: =(R18-VLOOKUP(J18,'[3]DATA VALID'!G:K,5,FALSE))/R18-Y18*1.24 -> 0.3777949 | AE18: =ROUNDUP(Table2[[#This Row],[ Số lượng trúng thầu ]]*Table2[[#This Row],[Số tháng phát sinh]]/12/9,0) -> 4 | AF18: =ROUNDUP(Table2[[#This Row],[ Số lượng trúng thầu ]]*Table2[[#This Row],[Số tháng phát sinh]]/12/9,0) -> 4 | AG18: =ROUNDUP(Table2[[#This Row],[ Số lượng trúng thầu ]]*Table2[[#This Row],[Số tháng phát sinh]]/12/9,0) -> 4 | AH18: =ROUNDUP(Table2[[#This Row],[ Số lượng trúng thầu ]]*Table2[[#This Row],[Số tháng phát sinh]]/12/9,0) -> 4 | AI18: =ROUNDUP(Table2[[#This Row],[ Số lượng trúng thầu ]]*Table2[[#This Row],[Số tháng phát sinh]]/12/9,0) -> 4 | AJ18: =ROUNDUP(Table2[[#This Row],[ Số lượng trúng thầu ]]*Table2[[#This Row],[Số tháng phát sinh]]/12/9,0) -> 4 | AK18: =ROUNDUP(Table2[[#This Row],[ Số lượng trúng thầu ]]*Table2[[#This Row],[Số tháng phát sinh]]/12/9,0) -> 4 | AL18: =ROUNDUP(Table2[[#This Row],[ Số lượng trúng thầu ]]*Table2[[#This Row],[Số tháng phát sinh]]/12/9,0) -> 4 | ... AN18: =ROUNDUP(Table2[[#This Row],[ Số lượng trúng thầu ]]*Table2[[#This Row],[Số tháng phát sinh]]/12/9,0) -> 4
A19: 7 | B19: 2025 | C19: KSNK | D19: MN | E19: Nguyễn Thái Hằng | F19: IB2500052480 | G19: Bệnh viện Phạm Ngọc Thạch | H19: Anios | I19: Anios’Clean Excel D | J19: Exeol sept first 1L | K19: Xử lý dụng cụ | L19: Làm sạch và tiền KK | M19: Nhập khẩu | N19: 1000 | O19: 408 | P19: 323900 | Q19: SPC | R19: 320000 | S19: 132151200 | T19: =R19*O19 -> 130560000 | U19: 1 | V19: 1. Dung dịch làm sạch và khử khuẩn dụng cụ y tế. - Được thử nghiệm với nước cứng, pH dung dịch chưa pha loãng: từ 6.5 - 7.5 2. Đạt tiêu chuẩn: ISO/TS 15883-5:2006 (chống lại màng Biofilm) 3. Hiệu quả diệt khuẩn: - Diệt khuẩn EN 14561 (Pseudomonas aeruginosa, Staphylococcus aureus, Enterococcus hirae...), diệt các chủng đa kháng như MRSA, ESBL, VRE theo tiêu chuẩn EN 13727+A1 trong 5 - 15 phút - Diệt virus HIV-1, HBV, HCV, HSV, Vacinia theo tiêu chuẩn Châu Âu EN 14476+A1 trong 5 phút. - Nồng độ sử dụng 0.5% (25ml trong 5 lít nước), có vòi bơm định lượng đi kèm - Quy cách đóng gói: Can 5 lít | W19: 8 | X19: =T19*W19/12 -> 87040000 | Y19: =VLOOKUP(Q19,'[3]DATA VALID'!M:O,3,FALSE) -> 0.1 | Z19: =(R19-VLOOKUP(J19,'[3]DATA VALID'!G:K,5,FALSE))/R19-Y19*1.24 -> 0.44766562 | AE19: =ROUNDUP(Table2[[#This Row],[ Số lượng trúng thầu ]]*Table2[[#This Row],[Số tháng phát sinh]]/12/9,0) -> 31 | AF19: =ROUNDUP(Table2[[#This Row],[ Số lượng trúng thầu ]]*Table2[[#This Row],[Số tháng phát sinh]]/12/9,0) -> 31 | AG19: =ROUNDUP(Table2[[#This Row],[ Số lượng trúng thầu ]]*Table2[[#This Row],[Số tháng phát sinh]]/12/9,0) -> 31 | AH19: =ROUNDUP(Table2[[#This Row],[ Số lượng trúng thầu ]]*Table2[[#This Row],[Số tháng phát sinh]]/12/9,0) -> 31 | AI19: =ROUNDUP(Table2[[#This Row],[ Số lượng trúng thầu ]]*Table2[[#This Row],[Số tháng phát sinh]]/12/9,0) -> 31 | AJ19: =ROUNDUP(Table2[[#This Row],[ Số lượng trúng thầu ]]*Table2[[#This Row],[Số tháng phát sinh]]/12/9,0) -> 31 | AK19: =ROUNDUP(Table2[[#This Row],[ Số lượng trúng thầu ]]*Table2[[#This Row],[Số tháng phát sinh]]/12/9,0) -> 31 | AL19: =ROUNDUP(Table2[[#This Row],[ Số lượng trúng thầu ]]*Table2[[#This Row],[Số tháng phát sinh]]/12/9,0) -> 31 | ... AN19: =ROUNDUP(Table2[[#This Row],[ Số lượng trúng thầu ]]*Table2[[#This Row],[Số tháng phát sinh]]/12/9,0) -> 31
A20: 7 | B20: 2025 | C20: KSNK | D20: MN | E20: Nguyễn Thái Hằng | F20: IB2500052481 | G20: Bệnh viện Phạm Ngọc Thạch | H20: Anios | I20: Aniosyme X3 | J20: Exeol sept 2E 1L | K20: Xử lý dụng cụ | L20: Làm sạch và tiền KK | M20: Nhập khẩu | N20: 1000 | O20: 1092 | P20: 569500 | Q20: SPC | R20: 530000 | S20: 621894000 | T20: =R20*O20 -> 578760000 | U20: 1 | V20: 1. Dung dịch làm sạch và tiền khử khuẩn dụng cụ - Thành phần chất làm sạch và khử nhiễm: 14% N,N-Didecyl-N-Methyl-poly(oxyethyl)ammonium propionate + 0,3% Chlorhexidine digluconate, hỗn hợp 3 enzym: Protease, Lipase, Amylase, chất hoạt động bề mặt 2. Hiệu quả chống lại màng bioflim theo tiêu chuẩn EN 15883 3. Hiệu quả diệt khuẩn: - Diệt khuẩn theo tiêu chuẩn EN 14561 - Diệt virus theo tiêu chuẩn EN 14476 4. Được thử nghiệm với nước cứng - Nồng độ sử dụng 0.5% - Quy cách đóng gói : Chai 1 lít | W20: 8 | X20: =T20*W20/12 -> 385840000 | Y20: =VLOOKUP(Q20,'[3]DATA VALID'!M:O,3,FALSE) -> 0.1 | Z20: =(R20-VLOOKUP(J20,'[3]DATA VALID'!G:K,5,FALSE))/R20-Y20*1.24 -> 0.41266981 | AE20: =ROUNDUP(Table2[[#This Row],[ Số lượng trúng thầu ]]*Table2[[#This Row],[Số tháng phát sinh]]/12/9,0) -> 81 | AF20: =ROUNDUP(Table2[[#This Row],[ Số lượng trúng thầu ]]*Table2[[#This Row],[Số tháng phát sinh]]/12/9,0) -> 81 | AG20: =ROUNDUP(Table2[[#This Row],[ Số lượng trúng thầu ]]*Table2[[#This Row],[Số tháng phát sinh]]/12/9,0) -> 81 | AH20: =ROUNDUP(Table2[[#This Row],[ Số lượng trúng thầu ]]*Table2[[#This Row],[Số tháng phát sinh]]/12/9,0) -> 81 | AI20: =ROUNDUP(Table2[[#This Row],[ Số lượng trúng thầu ]]*Table2[[#This Row],[Số tháng phát sinh]]/12/9,0) -> 81 | AJ20: =ROUNDUP(Table2[[#This Row],[ Số lượng trúng thầu ]]*Table2[[#This Row],[Số tháng phát sinh]]/12/9,0) -> 81 | AK20: =ROUNDUP(Table2[[#This Row],[ Số lượng trúng thầu ]]*Table2[[#This Row],[Số tháng phát sinh]]/12/9,0) -> 81 | AL20: =ROUNDUP(Table2[[#This Row],[ Số lượng trúng thầu ]]*Table2[[#This Row],[Số tháng phát sinh]]/12/9,0) -> 81 | ... AN20: =ROUNDUP(Table2[[#This Row],[ Số lượng trúng thầu ]]*Table2[[#This Row],[Số tháng phát sinh]]/12/9,0) -> 81
A21: 7 | B21: 2025 | C21: KSNK | D21: MN | E21: Nguyễn Thái Hằng | F21: IB2500052482 | G21: Bệnh viện Phạm Ngọc Thạch | H21: Anios | I21: Aniosyme X3 | J21: Exeol sept 2E 1L | K21: Xử lý dụng cụ | L21: Làm sạch và tiền KK | M21: Nhập khẩu | N21: 1000 | O21: 72 | P21: 517900 | Q21: SPC | R21: 530000 | S21: 37288800 | T21: =R21*O21 -> 38160000 | U21: 1 | V21: 1. Dung dịch làm sạch và tiền khử khuẩn dụng cụ - Thành phần chất làm sạch và khử nhiễm: 14% N,N-Didecyl-N-Methyl-poly(oxyethyl)ammonium propionate + 0,3% Chlorhexidine digluconate, hỗn hợp 3 enzym: Protease, Lipase, Amylase, chất hoạt động bề mặt 2. Hiệu quả chống lại màng bioflim theo tiêu chuẩn EN 15883 3. Hiệu quả diệt khuẩn: - Diệt khuẩn theo tiêu chuẩn EN 14561 - Diệt virus theo tiêu chuẩn EN 14476 4. Được thử nghiệm với nước cứng - Nồng độ sử dụng 0.5% - Quy cách đóng gói : Can lít | W21: 8 | X21: =T21*W21/12 -> 25440000 | Y21: =VLOOKUP(Q21,'[3]DATA VALID'!M:O,3,FALSE) -> 0.1 | Z21: =(R21-VLOOKUP(J21,'[3]DATA VALID'!G:K,5,FALSE))/R21-Y21*1.24 -> 0.41266981 | AE21: =ROUNDUP(Table2[[#This Row],[ Số lượng trúng thầu ]]*Table2[[#This Row],[Số tháng phát sinh]]/12/9,0) -> 6 | AF21: =ROUNDUP(Table2[[#This Row],[ Số lượng trúng thầu ]]*Table2[[#This Row],[Số tháng phát sinh]]/12/9,0) -> 6 | AG21: =ROUNDUP(Table2[[#This Row],[ Số lượng trúng thầu ]]*Table2[[#This Row],[Số tháng phát sinh]]/12/9,0) -> 6 | AH21: =ROUNDUP(Table2[[#This Row],[ Số lượng trúng thầu ]]*Table2[[#This Row],[Số tháng phát sinh]]/12/9,0) -> 6 | AI21: =ROUNDUP(Table2[[#This Row],[ Số lượng trúng thầu ]]*Table2[[#This Row],[Số tháng phát sinh]]/12/9,0) -> 6 | AJ21: =ROUNDUP(Table2[[#This Row],[ Số lượng trúng thầu ]]*Table2[[#This Row],[Số tháng phát sinh]]/12/9,0) -> 6 | AK21: =ROUNDUP(Table2[[#This Row],[ Số lượng trúng thầu ]]*Table2[[#This Row],[Số tháng phát sinh]]/12/9,0) -> 6 | AL21: =ROUNDUP(Table2[[#This Row],[ Số lượng trúng thầu ]]*Table2[[#This Row],[Số tháng phát sinh]]/12/9,0) -> 6 | ... AN21: =ROUNDUP(Table2[[#This Row],[ Số lượng trúng thầu ]]*Table2[[#This Row],[Số tháng phát sinh]]/12/9,0) -> 6
A22: 7 | B22: 2025 | C22: KSNK | D22: MN | E22: Nguyễn Thái Hằng | F22: IB2500052483 | G22: Bệnh viện Phạm Ngọc Thạch | H22: Anios | I22: Opaster'Anios | J22: Exeol OPA 5L | K22: Xử lý dụng cụ | L22: KK mức độ cao | M22: Nhập khẩu | N22: 5000 | O22: 1980 | P22: 212820 | Q22: SPC | R22: =980000/5 -> 196000 | S22: 421383600 | T22: =R22*O22 -> 388080000 | U22: 1 | V22: 1. Dung dịch khử khuẩn mức độ cao dụng cụ nội soi và dụng cụ không chịu nhiệt trong 5 phút. - Thành phần: 0,55% Ortho- Phthalaldehyde, 2. Dung dịch pha sẵn không cần hoạt hoá, pH=7 - Quy cách đóng gói : Can 5 lít - Tương thích thành bộ với "Dung dịch tẩy rửa sinh học đa enzyme" 3. Hiệu quả diệt khuẩn: - Diệt khuẩn theo tiêu chuẩn EN 14561 - Diệt nấm theo tiêu chuẩn EN 14562 - Diệt virus theo tiêu chuẩn EN 14476 - Diệt vi khuẩn lao EN 14563 (Mycobacterium terrae, Mycobacterium avium...) - Diệt bào tử trong 30 phút theo EN 17126 - Diệt virus EN 17111 (Adenovirus...) - Tái sử dụng trong 14 ngày (tặng kèm test thử để kiểm tra nồng độ OPA) 4. Có tài liệu chứng minh tương thích với ống nội soi hãng Olympus/Karl Stozr | W22: 8 | X22: =T22*W22/12 -> 258720000 | Y22: =VLOOKUP(Q22,'[3]DATA VALID'!M:O,3,FALSE) -> 0.1 | Z22: =(R22*5-VLOOKUP(J22,'[3]DATA VALID'!G:K,5,FALSE))/(R22*5)-Y22*1.24 -> 0.3777949 | AE22: =ROUNDUP(Table2[[#This Row],[ Số lượng trúng thầu ]]*Table2[[#This Row],[Số tháng phát sinh]]/12/9,0) -> 147 | AF22: =ROUNDUP(Table2[[#This Row],[ Số lượng trúng thầu ]]*Table2[[#This Row],[Số tháng phát sinh]]/12/9,0) -> 147 | AG22: =ROUNDUP(Table2[[#This Row],[ Số lượng trúng thầu ]]*Table2[[#This Row],[Số tháng phát sinh]]/12/9,0) -> 147 | AH22: =ROUNDUP(Table2[[#This Row],[ Số lượng trúng thầu ]]*Table2[[#This Row],[Số tháng phát sinh]]/12/9,0) -> 147 | AI22: =ROUNDUP(Table2[[#This Row],[ Số lượng trúng thầu ]]*Table2[[#This Row],[Số tháng phát sinh]]/12/9,0) -> 147 | AJ22: =ROUNDUP(Table2[[#This Row],[ Số lượng trúng thầu ]]*Table2[[#This Row],[Số tháng phát sinh]]/12/9,0) -> 147 | AK22: =ROUNDUP(Table2[[#This Row],[ Số lượng trúng thầu ]]*Table2[[#This Row],[Số tháng phát sinh]]/12/9,0) -> 147 | AL22: =ROUNDUP(Table2[[#This Row],[ Số lượng trúng thầu ]]*Table2[[#This Row],[Số tháng phát sinh]]/12/9,0) -> 147 | ... AN22: =ROUNDUP(Table2[[#This Row],[ Số lượng trúng thầu ]]*Table2[[#This Row],[Số tháng phát sinh]]/12/9,0) -> 147
A23: 7 | B23: 2025 | C23: KSNK | D23: MN | E23: Nguyễn Thái Hằng | F23: IB2500052484 | G23: Bệnh viện Phạm Ngọc Thạch | H23: Anios | I23: Aniosyme Synergy 5 | J23: Exeol clean 4E 5L | K23: Xử lý dụng cụ | L23: Làm sạch và tiền KK | M23: Nhập khẩu | N23: 5000 | O23: 720 | P23: 421000 | Q23: SPC | R23: 440000 | S23: 303120000 | T23: =R23*O23 -> 316800000 | U23: 1 | V23: 1. Dung dịch tẩy rửa dụng cụ đa enzyme có thành phần: 5 enzyme protease, lipase, amylase, mannanase, cellulase, 2. Hiệu quả chống lại màng biofilm vi khuẩn Pseudomonas aeruginosa theo tiêu chuẩn ISO/TS 15883-5 3. Đạt tiêu chuẩn ISO 11930 (Khả năng kháng khuẩn của sản phẩm) 4. Phù hợp với mọi chất lượng nước khác nhau (nước mềm hoặc nước chưa xử lý) - Công thức không chứa chất bay hơi - pH = 6.89-7.29 - Nồng độ sử dụng: 0,1 - 0,5% - Quy cách đóng gói: Can 5 lít - Tương thích thành bộ với "Dung dịch khử khuẩn mức độ cao cho dụng cụ nội soi" | W23: 8 | X23: =T23*W23/12 -> 211200000 | Y23: =VLOOKUP(Q23,'[3]DATA VALID'!M:O,3,FALSE) -> 0.1 | Z23: =(R23*5-VLOOKUP(J23,'[3]DATA VALID'!G:K,5,FALSE))/(R23*5)-Y23*1.24 -> 0.4598235 | AE23: =ROUNDUP(Table2[[#This Row],[ Số lượng trúng thầu ]]*Table2[[#This Row],[Số tháng phát sinh]]/12/9,0) -> 54 | AF23: =ROUNDUP(Table2[[#This Row],[ Số lượng trúng thầu ]]*Table2[[#This Row],[Số tháng phát sinh]]/12/9,0) -> 54 | AG23: =ROUNDUP(Table2[[#This Row],[ Số lượng trúng thầu ]]*Table2[[#This Row],[Số tháng phát sinh]]/12/9,0) -> 54 | AH23: =ROUNDUP(Table2[[#This Row],[ Số lượng trúng thầu ]]*Table2[[#This Row],[Số tháng phát sinh]]/12/9,0) -> 54 | AI23: =ROUNDUP(Table2[[#This Row],[ Số lượng trúng thầu ]]*Table2[[#This Row],[Số tháng phát sinh]]/12/9,0) -> 54 | AJ23: =ROUNDUP(Table2[[#This Row],[ Số lượng trúng thầu ]]*Table2[[#This Row],[Số tháng phát sinh]]/12/9,0) -> 54 | AK23: =ROUNDUP(Table2[[#This Row],[ Số lượng trúng thầu ]]*Table2[[#This Row],[Số tháng phát sinh]]/12/9,0) -> 54 | AL23: =ROUNDUP(Table2[[#This Row],[ Số lượng trúng thầu ]]*Table2[[#This Row],[Số tháng phát sinh]]/12/9,0) -> 54 | ... AN23: =ROUNDUP(Table2[[#This Row],[ Số lượng trúng thầu ]]*Table2[[#This Row],[Số tháng phát sinh]]/12/9,0) -> 54
A24: 7 | B24: 2025 | C24: KSNK | D24: MB | E24: Hứa Thùy Linh | F24: IB2500212350 | G24: Bệnh Viện Phụ Sản Trung Ương | H24: Anios | I24: Anios’Clean Excel D | J24: Exeol sept first 5L | K24: Xử lý dụng cụ | L24: Làm sạch và tiền KK | M24: Nhập khẩu | N24: 5000 | O24: 30 | P24: 1625000 | Q24: SPC | R24: 1450000 | S24: 48750000 | T24: =R24*O24 -> 43500000 | U24: 0.11 | V24: 1. Thành phần: 6,5% Didecyldimethyl ammonium chloride + 0,074% Chlorhexidine digluconate, chất hoạt động bề mặt non-ionic. 2. Làm sạch và khử khuẩn dụng cụ y tế. Nồng độ sử dụng 0.5% (25ml trong 5 lít nước) pH = 6.6 - 7.6 Thời gian tiếp xúc: từ 5 phút 3. Hiệu quả diệt khuẩn - Diệt khuẩn EN 14561 (Pseudomonas aeruginosa, Staphylococcus aureus, Enterococcus hirae...) - Diệt nấm EN 14562 (Candida albicans, Aspergillus niger...) - Diệt vi khuẩn lao EN 14563 (Mycobacterium terrae...) - Diệt virus HIV-1, HBV, HCV, HSV, - Diệt Vacinia EN 17111 4. Đạt tiêu chuẩn: ISO 15883 (chống lại màng Biofilm) 5. Đạt tiêu chuẩn CE, ISO 13485, ISO 9001 | W24: 8 | X24: =T24*W24/12 -> 29000000 | Y24: =VLOOKUP(Q24,'[3]DATA VALID'!M:O,3,FALSE) -> 0.1 | Z24: =(R24-VLOOKUP(J24,'[3]DATA VALID'!G:K,5,FALSE))/R24-Y24*1.24 -> 0.45095172 | AE24: =ROUNDUP(Table2[[#This Row],[ Số lượng trúng thầu ]]*Table2[[#This Row],[Số tháng phát sinh]]/12/9,0) -> 3 | AF24: =ROUNDUP(Table2[[#This Row],[ Số lượng trúng thầu ]]*Table2[[#This Row],[Số tháng phát sinh]]/12/9,0) -> 3 | AG24: =ROUNDUP(Table2[[#This Row],[ Số lượng trúng thầu ]]*Table2[[#This Row],[Số tháng phát sinh]]/12/9,0) -> 3 | AH24: =ROUNDUP(Table2[[#This Row],[ Số lượng trúng thầu ]]*Table2[[#This Row],[Số tháng phát sinh]]/12/9,0) -> 3 | AI24: =ROUNDUP(Table2[[#This Row],[ Số lượng trúng thầu ]]*Table2[[#This Row],[Số tháng phát sinh]]/12/9,0) -> 3 | AJ24: =ROUNDUP(Table2[[#This Row],[ Số lượng trúng thầu ]]*Table2[[#This Row],[Số tháng phát sinh]]/12/9,0) -> 3 | AK24: =ROUNDUP(Table2[[#This Row],[ Số lượng trúng thầu ]]*Table2[[#This Row],[Số tháng phát sinh]]/12/9,0) -> 3 | AL24: =ROUNDUP(Table2[[#This Row],[ Số lượng trúng thầu ]]*Table2[[#This Row],[Số tháng phát sinh]]/12/9,0) -> 3 | ... AN24: =ROUNDUP(Table2[[#This Row],[ Số lượng trúng thầu ]]*Table2[[#This Row],[Số tháng phát sinh]]/12/9,0) -> 3
A25: 7 | B25: 2025 | C25: KSNK | D25: MB | E25: Hứa Thùy Linh | F25: IB2500212350 | G25: Bệnh Viện Phụ Sản Trung Ương | H25: Anios | I25: ANIOSYME X3 | J25: Exeol sept 2E 5L | K25: Xử lý dụng cụ | L25: Làm sạch và tiền KK | M25: Nhập khẩu | N25: 5000 | O25: 50 | P25: 2675000 | Q25: SPC | R25: 2450000 | S25: 133750000 | T25: =R25*O25 -> 122500000 | U25: 0.31 | V25: 1. Thành phần: 14% N,N-Didecyl-N-Methyl-poly(oxyethyl)ammonium propionate + 0,3% Chlorhexidine digluconate, hỗn hợp 3 enzym: 0.5%-2% Protease, 0.1%-0.5% Lipase, 0.1%-0.5% Amylase, chất hoạt động bề mặt 2. Làm sạch và khử nhiễm. Thời gian tiếp xúc: từ 5 phút Nồng độ sử dụng 0.5% (25ml dung dịch trong 5 lít nước) 3. Đạt tiêu chuẩn: ISO 15883 (chống lại màng Biofilm ) 4. Hiệu quả diệt khuẩn: Diệt khuẩn EN 14561 (Staphylococcus aureus, Pseudomonas aeruginosa, Enterococcus hirae...) Diệt virus EN 14476 (HIV-1, HBV, HCV,HSV 1...) Diệt virus có vỏ bọc theo tiêu chuẩn EN 17111 (Vaccinia virus...) 5. Đạt tiêu chuẩn CE, ISO 13485, ISO 9001 | W25: 8 | X25: =T25*W25/12 -> 81666667 | Y25: =VLOOKUP(Q25,'[3]DATA VALID'!M:O,3,FALSE) -> 0.1 | Z25: =(R25-VLOOKUP(J25,'[3]DATA VALID'!G:K,5,FALSE))/R25-Y25*1.24 -> 0.40585947 | AE25: =ROUNDUP(Table2[[#This Row],[ Số lượng trúng thầu ]]*Table2[[#This Row],[Số tháng phát sinh]]/12/9,0) -> 4 | AF25: =ROUNDUP(Table2[[#This Row],[ Số lượng trúng thầu ]]*Table2[[#This Row],[Số tháng phát sinh]]/12/9,0) -> 4 | AG25: =ROUNDUP(Table2[[#This Row],[ Số lượng trúng thầu ]]*Table2[[#This Row],[Số tháng phát sinh]]/12/9,0) -> 4 | AH25: =ROUNDUP(Table2[[#This Row],[ Số lượng trúng thầu ]]*Table2[[#This Row],[Số tháng phát sinh]]/12/9,0) -> 4 | AI25: =ROUNDUP(Table2[[#This Row],[ Số lượng trúng thầu ]]*Table2[[#This Row],[Số tháng phát sinh]]/12/9,0) -> 4 | AJ25: =ROUNDUP(Table2[[#This Row],[ Số lượng trúng thầu ]]*Table2[[#This Row],[Số tháng phát sinh]]/12/9,0) -> 4 | AK25: =ROUNDUP(Table2[[#This Row],[ Số lượng trúng thầu ]]*Table2[[#This Row],[Số tháng phát sinh]]/12/9,0) -> 4 | AL25: =ROUNDUP(Table2[[#This Row],[ Số lượng trúng thầu ]]*Table2[[#This Row],[Số tháng phát sinh]]/12/9,0) -> 4 | ... AN25: =ROUNDUP(Table2[[#This Row],[ Số lượng trúng thầu ]]*Table2[[#This Row],[Số tháng phát sinh]]/12/9,0) -> 4
A26: 8 | B26: 2025 | C26: KSNK | D26: MB | E26: Nguyễn Thị Tình | F26: IB2500225569 | G26: Bệnh Viện Phụ Sản Hà Nội | H26: Dr.Weigert | I26: Neodisher MediClean Forte | J26: Exeol clean 4E 1L | K26: Xử lý dụng cụ | L26: Làm sạch và tiền KK | M26: Nhập khẩu | N26: 1000 | O26: 100 | P26: 465000 | Q26: SPC | R26: 440000 | S26: 46500000 | T26: =R26*O26 -> 44000000 | U26: 0.09 | V26: Chi tiết theo bản chào kỹ thuật | W26: 7 | X26: =T26*W26/12 -> 25666667 | Y26: =VLOOKUP(Q26,'[3]DATA VALID'!M:O,3,FALSE) -> 0.1 | Z26: =(R26-VLOOKUP(J26,'[3]DATA VALID'!G:K,5,FALSE))/R26-Y26*1.24 -> 0.4049325 | AF26: =ROUNDUP(Table2[[#This Row],[ Số lượng trúng thầu ]]*Table2[[#This Row],[Số tháng phát sinh]]/12/Table2[[#This Row],[Số tháng phát sinh]],0) -> 9 | AG26: =ROUNDUP(Table2[[#This Row],[ Số lượng trúng thầu ]]*Table2[[#This Row],[Số tháng phát sinh]]/12/Table2[[#This Row],[Số tháng phát sinh]],0) -> 9 | AH26: =ROUNDUP(Table2[[#This Row],[ Số lượng trúng thầu ]]*Table2[[#This Row],[Số tháng phát sinh]]/12/Table2[[#This Row],[Số tháng phát sinh]],0) -> 9 | AI26: =ROUNDUP(Table2[[#This Row],[ Số lượng trúng thầu ]]*Table2[[#This Row],[Số tháng phát sinh]]/12/Table2[[#This Row],[Số tháng phát sinh]],0) -> 9 | AJ26: =ROUNDUP(Table2[[#This Row],[ Số lượng trúng thầu ]]*Table2[[#This Row],[Số tháng phát sinh]]/12/Table2[[#This Row],[Số tháng phát sinh]],0) -> 9 | AK26: =ROUNDUP(Table2[[#This Row],[ Số lượng trúng thầu ]]*Table2[[#This Row],[Số tháng phát sinh]]/12/Table2[[#This Row],[Số tháng phát sinh]],0) -> 9 | AL26: =ROUNDUP(Table2[[#This Row],[ Số lượng trúng thầu ]]*Table2[[#This Row],[Số tháng phát sinh]]/12/Table2[[#This Row],[Số tháng phát sinh]],0) -> 9 | AM26: =ROUNDUP(Table2[[#This Row],[ Số lượng trúng thầu ]]*Table2[[#This Row],[Số tháng phát sinh]]/12/Table2[[#This Row],[Số tháng phát sinh]],0) -> 9 | AN26: =ROUNDUP(Table2[[#This Row],[ Số lượng trúng thầu ]]*Table2[[#This Row],[Số tháng phát sinh]]/12/Table2[[#This Row],[Số tháng phát sinh]],0) -> 9
A27: 8 | B27: 2025 | C27: KSNK | D27: MB | E27: Hứa Thùy Linh | F27: IB2500302767 | G27: Bệnh Viện Bắc Thăng Long | H27: Anios | I27: STERANIOS 2% | J27: Exeol GTA 2% 5L | K27: Xử lý dụng cụ | L27: KK mức độ cao | M27: Nhập khẩu | N27: 5000 | O27: 20 | P27: 580000 | Q27: SPC | R27: 428925 | S27: 11600000 | T27: =R27*O27 -> 8578500 | U27: 0.04 | V27: Thành phần: 2% Glutaraldehyde không cần hoạt hóa, pH=6 Khử khuẩn mức độ cao ≤ 10 phút. Diệt bào tử ≤ 60 phút. Tái sử dụng trong 30 ngày (tặng kèm test thử). Đạt ISO 13485, CE. | W27: 7 | X27: =T27*W27/12 -> 5004125 | Y27: =VLOOKUP(Q27,'[3]DATA VALID'!M:O,3,FALSE) -> 0.1 | Z27: =(R27-VLOOKUP(J27,'[3]DATA VALID'!G:K,5,FALSE))/R27-Y27*1.24 -> 0.4292156 | AF27: =ROUNDUP(Table2[[#This Row],[ Số lượng trúng thầu ]]*Table2[[#This Row],[Số tháng phát sinh]]/12/Table2[[#This Row],[Số tháng phát sinh]],0) -> 2 | AG27: =ROUNDUP(Table2[[#This Row],[ Số lượng trúng thầu ]]*Table2[[#This Row],[Số tháng phát sinh]]/12/Table2[[#This Row],[Số tháng phát sinh]],0) -> 2 | AH27: =ROUNDUP(Table2[[#This Row],[ Số lượng trúng thầu ]]*Table2[[#This Row],[Số tháng phát sinh]]/12/Table2[[#This Row],[Số tháng phát sinh]],0) -> 2 | AI27: =ROUNDUP(Table2[[#This Row],[ Số lượng trúng thầu ]]*Table2[[#This Row],[Số tháng phát sinh]]/12/Table2[[#This Row],[Số tháng phát sinh]],0) -> 2 | AJ27: =ROUNDUP(Table2[[#This Row],[ Số lượng trúng thầu ]]*Table2[[#This Row],[Số tháng phát sinh]]/12/Table2[[#This Row],[Số tháng phát sinh]],0) -> 2 | AK27: =ROUNDUP(Table2[[#This Row],[ Số lượng trúng thầu ]]*Table2[[#This Row],[Số tháng phát sinh]]/12/Table2[[#This Row],[Số tháng phát sinh]],0) -> 2 | AL27: =ROUNDUP(Table2[[#This Row],[ Số lượng trúng thầu ]]*Table2[[#This Row],[Số tháng phát sinh]]/12/Table2[[#This Row],[Số tháng phát sinh]],0) -> 2 | AM27: =ROUNDUP(Table2[[#This Row],[ Số lượng trúng thầu ]]*Table2[[#This Row],[Số tháng phát sinh]]/12/Table2[[#This Row],[Số tháng phát sinh]],0) -> 2 | AN27: =ROUNDUP(Table2[[#This Row],[ Số lượng trúng thầu ]]*Table2[[#This Row],[Số tháng phát sinh]]/12/Table2[[#This Row],[Số tháng phát sinh]],0) -> 2
A28: 8 | B28: 2025 | C28: KSNK | D28: MB | E28: Hứa Thùy Linh | F28: IB2500302767 | G28: Bệnh Viện Bắc Thăng Long | H28: Anios | I28: Opaster'Anios | J28: Exeol OPA 5L | K28: Xử lý dụng cụ | L28: KK mức độ cao | M28: Nhập khẩu | N28: 5000 | O28: 24 | P28: 1300000 | Q28: SPC | R28: 980000 | S28: 31200000 | T28: =R28*O28 -> 23520000 | U28: 0.1 | V28: Thành phần: 0,55% Ortho- Phthalaldehyde, pH=7, dung dịch sẵn sàng sử dụng (không cần hoạt hóa). Khử khuẩn mức độ cao ≤ 5 phút. Diệt bào tử ≤ 30 phút. Tái sử dụng trong 14 ngày (tặng kèm test thử để kiểm tra nồng độ OPA). Đạt ISO 13485, CE. | W28: 7 | X28: =T28*W28/12 -> 13720000 | Y28: =VLOOKUP(Q28,'[3]DATA VALID'!M:O,3,FALSE) -> 0.1 | Z28: =(R28-VLOOKUP(J28,'[3]DATA VALID'!G:K,5,FALSE))/R28-Y28*1.24 -> 0.3777949 | AF28: =ROUNDUP(Table2[[#This Row],[ Số lượng trúng thầu ]]*Table2[[#This Row],[Số tháng phát sinh]]/12/Table2[[#This Row],[Số tháng phát sinh]],0) -> 2 | AG28: =ROUNDUP(Table2[[#This Row],[ Số lượng trúng thầu ]]*Table2[[#This Row],[Số tháng phát sinh]]/12/Table2[[#This Row],[Số tháng phát sinh]],0) -> 2 | AH28: =ROUNDUP(Table2[[#This Row],[ Số lượng trúng thầu ]]*Table2[[#This Row],[Số tháng phát sinh]]/12/Table2[[#This Row],[Số tháng phát sinh]],0) -> 2 | AI28: =ROUNDUP(Table2[[#This Row],[ Số lượng trúng thầu ]]*Table2[[#This Row],[Số tháng phát sinh]]/12/Table2[[#This Row],[Số tháng phát sinh]],0) -> 2 | AJ28: =ROUNDUP(Table2[[#This Row],[ Số lượng trúng thầu ]]*Table2[[#This Row],[Số tháng phát sinh]]/12/Table2[[#This Row],[Số tháng phát sinh]],0) -> 2 | AK28: =ROUNDUP(Table2[[#This Row],[ Số lượng trúng thầu ]]*Table2[[#This Row],[Số tháng phát sinh]]/12/Table2[[#This Row],[Số tháng phát sinh]],0) -> 2 | AL28: =ROUNDUP(Table2[[#This Row],[ Số lượng trúng thầu ]]*Table2[[#This Row],[Số tháng phát sinh]]/12/Table2[[#This Row],[Số tháng phát sinh]],0) -> 2 | AM28: =ROUNDUP(Table2[[#This Row],[ Số lượng trúng thầu ]]*Table2[[#This Row],[Số tháng phát sinh]]/12/Table2[[#This Row],[Số tháng phát sinh]],0) -> 2 | AN28: =ROUNDUP(Table2[[#This Row],[ Số lượng trúng thầu ]]*Table2[[#This Row],[Số tháng phát sinh]]/12/Table2[[#This Row],[Số tháng phát sinh]],0) -> 2
A29: 8 | B29: 2025 | C29: KSNK | D29: MB | E29: Hứa Thùy Linh | F29: IB2500302767 | G29: Bệnh Viện Bắc Thăng Long | H29: ASP | I29: CIDEZYME | J29: Exeol clean 4E 1L | K29: Xử lý dụng cụ | L29: Làm sạch và tiền KK | M29: Nhập khẩu | N29: 1000 | O29: 150 | P29: 790000 | Q29: SPC | R29: 440000 | S29: 118500000 | T29: =R29*O29 -> 66000000 | U29: 0.37 | V29: Dung dịch tẩy rửa dựa trên hoạt tính Enzym. Khử khuẩn và làm sạch dụng cụ. Thành phần chính: Protease enzyme 5%. Tiêu chuẩn chất lượng: ISO 13485 | W29: 7 | X29: =T29*W29/12 -> 38500000 | Y29: =VLOOKUP(Q29,'[3]DATA VALID'!M:O,3,FALSE) -> 0.1 | Z29: =(R29-VLOOKUP(J29,'[3]DATA VALID'!G:K,5,FALSE))/R29-Y29*1.24 -> 0.4049325 | AF29: =ROUNDUP(Table2[[#This Row],[ Số lượng trúng thầu ]]*Table2[[#This Row],[Số tháng phát sinh]]/12/Table2[[#This Row],[Số tháng phát sinh]],0) -> 13 | AG29: =ROUNDUP(Table2[[#This Row],[ Số lượng trúng thầu ]]*Table2[[#This Row],[Số tháng phát sinh]]/12/Table2[[#This Row],[Số tháng phát sinh]],0) -> 13 | AH29: =ROUNDUP(Table2[[#This Row],[ Số lượng trúng thầu ]]*Table2[[#This Row],[Số tháng phát sinh]]/12/Table2[[#This Row],[Số tháng phát sinh]],0) -> 13 | AI29: =ROUNDUP(Table2[[#This Row],[ Số lượng trúng thầu ]]*Table2[[#This Row],[Số tháng phát sinh]]/12/Table2[[#This Row],[Số tháng phát sinh]],0) -> 13 | AJ29: =ROUNDUP(Table2[[#This Row],[ Số lượng trúng thầu ]]*Table2[[#This Row],[Số tháng phát sinh]]/12/Table2[[#This Row],[Số tháng phát sinh]],0) -> 13 | AK29: =ROUNDUP(Table2[[#This Row],[ Số lượng trúng thầu ]]*Table2[[#This Row],[Số tháng phát sinh]]/12/Table2[[#This Row],[Số tháng phát sinh]],0) -> 13 | AL29: =ROUNDUP(Table2[[#This Row],[ Số lượng trúng thầu ]]*Table2[[#This Row],[Số tháng phát sinh]]/12/Table2[[#This Row],[Số tháng phát sinh]],0) -> 13 | AM29: =ROUNDUP(Table2[[#This Row],[ Số lượng trúng thầu ]]*Table2[[#This Row],[Số tháng phát sinh]]/12/Table2[[#This Row],[Số tháng phát sinh]],0) -> 13 | AN29: =ROUNDUP(Table2[[#This Row],[ Số lượng trúng thầu ]]*Table2[[#This Row],[Số tháng phát sinh]]/12/Table2[[#This Row],[Số tháng phát sinh]],0) -> 13
A30: 7 | B30: 2025 | C30: KSNK | D30: MN | E30: Nguyễn Thị Xuân Hồng | F30: IB2500090160 | G30: Bệnh viện Chợ Rẫy | H30: Anios | I30: WIP'ANIOS EXCEL | J30: =VLOOKUP(I30,'[3]DATA VALID'!A:B,2,FALSE) -> Exeol wipe optimal | K30: Xử lý bề mặt | L30: Khăn lau | M30: Nhập khẩu | N30: 1 | O30: 6720 | P30: 2900 | Q30: SPC | R30: 2450 | S30: 19488000 | T30: =R30*O30 -> 16464000 | U30: 0.01 | V30: 1. Khăn tẩm dung dịch Didecyldimethyl ammonium chloride 0.3%, không chứa cồn 2. Làm sạch & khử khuẩn bề mặt, lau sơ bộ ống nội soi trước khi ngâm làm sạch và khử khuẩn, làm sạch và khử khuẩn chuyên dụng cho đầu dò siêu âm Khăn lau với chất liệu visco 100% phân hủy sinh học 3. Kích thước 180 x 200 mm Hiệu quả diệt khuẩn Diệt virus HIV, HBV, HCV, Vaccinia virus, Rotavirus trong 1 phút EN 14476 Diệt vi khuẩn, nấm EN 16615 trong 2 phút 4. Đạt tiêu chuẩn CE, ISO 13485, ISO 9001 | W30: 8 | X30: =T30*W30/12 -> 10976000 | Y30: =VLOOKUP(Q30,'[3]DATA VALID'!M:O,3,FALSE) -> 0.1 | Z30: =(R30*100-VLOOKUP(J30,'[3]DATA VALID'!G:K,5,FALSE))/(R30*100)-Y30*1.24 -> 0.36423429 | AE30: =ROUNDUP(Table2[[#This Row],[ Số lượng trúng thầu ]]*Table2[[#This Row],[Số tháng phát sinh]]/12/9/100,0) -> 5 | AF30: =ROUNDUP(Table2[[#This Row],[ Số lượng trúng thầu ]]*Table2[[#This Row],[Số tháng phát sinh]]/12/9/100,0) -> 5 | AG30: =ROUNDUP(Table2[[#This Row],[ Số lượng trúng thầu ]]*Table2[[#This Row],[Số tháng phát sinh]]/12/9/100,0) -> 5 | AH30: =ROUNDUP(Table2[[#This Row],[ Số lượng trúng thầu ]]*Table2[[#This Row],[Số tháng phát sinh]]/12/9/100,0) -> 5 | AI30: =ROUNDUP(Table2[[#This Row],[ Số lượng trúng thầu ]]*Table2[[#This Row],[Số tháng phát sinh]]/12/9/100,0) -> 5 | AJ30: =ROUNDUP(Table2[[#This Row],[ Số lượng trúng thầu ]]*Table2[[#This Row],[Số tháng phát sinh]]/12/9/100,0) -> 5 | AK30: =ROUNDUP(Table2[[#This Row],[ Số lượng trúng thầu ]]*Table2[[#This Row],[Số tháng phát sinh]]/12/9/100,0) -> 5 | AL30: =ROUNDUP(Table2[[#This Row],[ Số lượng trúng thầu ]]*Table2[[#This Row],[Số tháng phát sinh]]/12/9/100,0) -> 5 | ... AN30: =ROUNDUP(Table2[[#This Row],[ Số lượng trúng thầu ]]*Table2[[#This Row],[Số tháng phát sinh]]/12/9/100,0) -> 5
A31: 8 | B31: 2025 | C31: KSNK | D31: MN | E31: Nguyễn Thị Xuân Hồng | F31: IB2500266269 | G31: Trung Tâm Y Tế Thành Phố Dĩ An | H31: Anios | I31: Aniospray Surf 29 | J31: Exeol surf 30 1L | K31: Xử lý bề mặt | L31: Phun tay | M31: Nhập khẩu | N31: 1000 | O31: 12 | P31: 350000 | Q31: SPC | R31: 260000 | S31: 4200000 | T31: =R31*O31 -> 3120000 | U31: 0.05 | W31: 7 | X31: =T31*W31/12 -> 1820000 | Y31: =VLOOKUP(Q31,'[3]DATA VALID'!M:O,3,FALSE) -> 0.1 | Z31: =(R31-VLOOKUP(J31,'[3]DATA VALID'!G:K,5,FALSE))/R31-Y31*1.24 -> 0.39375923 | AF31: =ROUNDUP(Table2[[#This Row],[ Số lượng trúng thầu ]]*Table2[[#This Row],[Số tháng phát sinh]]/12/Table2[[#This Row],[Số tháng phát sinh]],0) -> 1 | AG31: =ROUNDUP(Table2[[#This Row],[ Số lượng trúng thầu ]]*Table2[[#This Row],[Số tháng phát sinh]]/12/Table2[[#This Row],[Số tháng phát sinh]],0) -> 1 | AH31: =ROUNDUP(Table2[[#This Row],[ Số lượng trúng thầu ]]*Table2[[#This Row],[Số tháng phát sinh]]/12/Table2[[#This Row],[Số tháng phát sinh]],0) -> 1 | AI31: =ROUNDUP(Table2[[#This Row],[ Số lượng trúng thầu ]]*Table2[[#This Row],[Số tháng phát sinh]]/12/Table2[[#This Row],[Số tháng phát sinh]],0) -> 1 | AJ31: =ROUNDUP(Table2[[#This Row],[ Số lượng trúng thầu ]]*Table2[[#This Row],[Số tháng phát sinh]]/12/Table2[[#This Row],[Số tháng phát sinh]],0) -> 1 | AK31: =ROUNDUP(Table2[[#This Row],[ Số lượng trúng thầu ]]*Table2[[#This Row],[Số tháng phát sinh]]/12/Table2[[#This Row],[Số tháng phát sinh]],0) -> 1 | AL31: =ROUNDUP(Table2[[#This Row],[ Số lượng trúng thầu ]]*Table2[[#This Row],[Số tháng phát sinh]]/12/Table2[[#This Row],[Số tháng phát sinh]],0) -> 1 | AM31: =ROUNDUP(Table2[[#This Row],[ Số lượng trúng thầu ]]*Table2[[#This Row],[Số tháng phát sinh]]/12/Table2[[#This Row],[Số tháng phát sinh]],0) -> 1 | AN31: =ROUNDUP(Table2[[#This Row],[ Số lượng trúng thầu ]]*Table2[[#This Row],[Số tháng phát sinh]]/12/Table2[[#This Row],[Số tháng phát sinh]],0) -> 1
A32: 8 | B32: 2025 | C32: KSNK | D32: MN | E32: Nguyễn Thị Xuân Hồng | F32: IB2500266269 | G32: Trung Tâm Y Tế Thành Phố Dĩ An | H32: Anios | I32: Aniosyme Synergy 5 | J32: Exeol clean 4E 1L | K32: Xử lý dụng cụ | L32: Làm sạch và tiền KK | M32: Nhập khẩu | N32: 1000 | O32: 27 | P32: 480000 | Q32: SPC | R32: 440000 | S32: 12960000 | T32: =R32*O32 -> 11880000 | U32: 0.14 | W32: 7 | X32: =T32*W32/12 -> 6930000 | Y32: =VLOOKUP(Q32,'[3]DATA VALID'!M:O,3,FALSE) -> 0.1 | Z32: =(R32-VLOOKUP(J32,'[3]DATA VALID'!G:K,5,FALSE))/R32-Y32*1.24 -> 0.4049325 | AF32: =ROUNDUP(Table2[[#This Row],[ Số lượng trúng thầu ]]*Table2[[#This Row],[Số tháng phát sinh]]/12/Table2[[#This Row],[Số tháng phát sinh]],0) -> 3 | AG32: =ROUNDUP(Table2[[#This Row],[ Số lượng trúng thầu ]]*Table2[[#This Row],[Số tháng phát sinh]]/12/Table2[[#This Row],[Số tháng phát sinh]],0) -> 3 | AH32: =ROUNDUP(Table2[[#This Row],[ Số lượng trúng thầu ]]*Table2[[#This Row],[Số tháng phát sinh]]/12/Table2[[#This Row],[Số tháng phát sinh]],0) -> 3 | AI32: =ROUNDUP(Table2[[#This Row],[ Số lượng trúng thầu ]]*Table2[[#This Row],[Số tháng phát sinh]]/12/Table2[[#This Row],[Số tháng phát sinh]],0) -> 3 | AJ32: =ROUNDUP(Table2[[#This Row],[ Số lượng trúng thầu ]]*Table2[[#This Row],[Số tháng phát sinh]]/12/Table2[[#This Row],[Số tháng phát sinh]],0) -> 3 | AK32: =ROUNDUP(Table2[[#This Row],[ Số lượng trúng thầu ]]*Table2[[#This Row],[Số tháng phát sinh]]/12/Table2[[#This Row],[Số tháng phát sinh]],0) -> 3 | AL32: =ROUNDUP(Table2[[#This Row],[ Số lượng trúng thầu ]]*Table2[[#This Row],[Số tháng phát sinh]]/12/Table2[[#This Row],[Số tháng phát sinh]],0) -> 3 | AM32: =ROUNDUP(Table2[[#This Row],[ Số lượng trúng thầu ]]*Table2[[#This Row],[Số tháng phát sinh]]/12/Table2[[#This Row],[Số tháng phát sinh]],0) -> 3 | AN32: =ROUNDUP(Table2[[#This Row],[ Số lượng trúng thầu ]]*Table2[[#This Row],[Số tháng phát sinh]]/12/Table2[[#This Row],[Số tháng phát sinh]],0) -> 3
A33: 8 | B33: 2025 | C33: KSNK | D33: MN | E33: Nguyễn Thị Xuân Hồng | F33: IB2500266269 | G33: Trung Tâm Y Tế Thành Phố Dĩ An | H33: Zhivas | I33: Zhivasept Opa | J33: Exeol OPA 5L | K33: Xử lý dụng cụ | L33: KK mức độ cao | M33: Nhập khẩu | N33: 5000 | O33: 44 | P33: 975000 | Q33: SPC | R33: 892500 | S33: 42900000 | T33: =R33*O33 -> 39270000 | U33: 0.48 | W33: 7 | X33: =T33*W33/12 -> 22907500 | Y33: =VLOOKUP(Q33,'[3]DATA VALID'!M:O,3,FALSE) -> 0.1 | Z33: =(R33-VLOOKUP(J33,'[3]DATA VALID'!G:K,5,FALSE))/R33-Y33*1.24 -> 0.32895126 | AF33: =ROUNDUP(Table2[[#This Row],[ Số lượng trúng thầu ]]*Table2[[#This Row],[Số tháng phát sinh]]/12/Table2[[#This Row],[Số tháng phát sinh]],0) -> 4 | AG33: =ROUNDUP(Table2[[#This Row],[ Số lượng trúng thầu ]]*Table2[[#This Row],[Số tháng phát sinh]]/12/Table2[[#This Row],[Số tháng phát sinh]],0) -> 4 | AH33: =ROUNDUP(Table2[[#This Row],[ Số lượng trúng thầu ]]*Table2[[#This Row],[Số tháng phát sinh]]/12/Table2[[#This Row],[Số tháng phát sinh]],0) -> 4 | AI33: =ROUNDUP(Table2[[#This Row],[ Số lượng trúng thầu ]]*Table2[[#This Row],[Số tháng phát sinh]]/12/Table2[[#This Row],[Số tháng phát sinh]],0) -> 4 | AJ33: =ROUNDUP(Table2[[#This Row],[ Số lượng trúng thầu ]]*Table2[[#This Row],[Số tháng phát sinh]]/12/Table2[[#This Row],[Số tháng phát sinh]],0) -> 4 | AK33: =ROUNDUP(Table2[[#This Row],[ Số lượng trúng thầu ]]*Table2[[#This Row],[Số tháng phát sinh]]/12/Table2[[#This Row],[Số tháng phát sinh]],0) -> 4 | AL33: =ROUNDUP(Table2[[#This Row],[ Số lượng trúng thầu ]]*Table2[[#This Row],[Số tháng phát sinh]]/12/Table2[[#This Row],[Số tháng phát sinh]],0) -> 4 | AM33: =ROUNDUP(Table2[[#This Row],[ Số lượng trúng thầu ]]*Table2[[#This Row],[Số tháng phát sinh]]/12/Table2[[#This Row],[Số tháng phát sinh]],0) -> 4 | AN33: =ROUNDUP(Table2[[#This Row],[ Số lượng trúng thầu ]]*Table2[[#This Row],[Số tháng phát sinh]]/12/Table2[[#This Row],[Số tháng phát sinh]],0) -> 4
A34: 8 | B34: 2025 | C34: KSNK | D34: MN | E34: Nguyễn Thị Xuân Hồng | F34: IB2500266269 | G34: Trung Tâm Y Tế Thành Phố Dĩ An | H34: Anios | I34: Steranios 2% | J34: Exeol GTA 2% 5L | K34: Xử lý dụng cụ | L34: KK mức độ cao | M34: Nhập khẩu | N34: 5000 | O34: 50 | P34: 475000 | Q34: SPC | R34: 428925 | S34: 23750000 | T34: =R34*O34 -> 21446250 | U34: 0.26 | W34: 7 | X34: =T34*W34/12 -> 12510312 | Y34: =VLOOKUP(Q34,'[3]DATA VALID'!M:O,3,FALSE) -> 0.1 | Z34: =(R34-VLOOKUP(J34,'[3]DATA VALID'!G:K,5,FALSE))/R34-Y34*1.24 -> 0.4292156 | AF34: =ROUNDUP(Table2[[#This Row],[ Số lượng trúng thầu ]]*Table2[[#This Row],[Số tháng phát sinh]]/12/Table2[[#This Row],[Số tháng phát sinh]],0) -> 5 | AG34: =ROUNDUP(Table2[[#This Row],[ Số lượng trúng thầu ]]*Table2[[#This Row],[Số tháng phát sinh]]/12/Table2[[#This Row],[Số tháng phát sinh]],0) -> 5 | AH34: =ROUNDUP(Table2[[#This Row],[ Số lượng trúng thầu ]]*Table2[[#This Row],[Số tháng phát sinh]]/12/Table2[[#This Row],[Số tháng phát sinh]],0) -> 5 | AI34: =ROUNDUP(Table2[[#This Row],[ Số lượng trúng thầu ]]*Table2[[#This Row],[Số tháng phát sinh]]/12/Table2[[#This Row],[Số tháng phát sinh]],0) -> 5 | AJ34: =ROUNDUP(Table2[[#This Row],[ Số lượng trúng thầu ]]*Table2[[#This Row],[Số tháng phát sinh]]/12/Table2[[#This Row],[Số tháng phát sinh]],0) -> 5 | AK34: =ROUNDUP(Table2[[#This Row],[ Số lượng trúng thầu ]]*Table2[[#This Row],[Số tháng phát sinh]]/12/Table2[[#This Row],[Số tháng phát sinh]],0) -> 5 | AL34: =ROUNDUP(Table2[[#This Row],[ Số lượng trúng thầu ]]*Table2[[#This Row],[Số tháng phát sinh]]/12/Table2[[#This Row],[Số tháng phát sinh]],0) -> 5 | AM34: =ROUNDUP(Table2[[#This Row],[ Số lượng trúng thầu ]]*Table2[[#This Row],[Số tháng phát sinh]]/12/Table2[[#This Row],[Số tháng phát sinh]],0) -> 5 | AN34: =ROUNDUP(Table2[[#This Row],[ Số lượng trúng thầu ]]*Table2[[#This Row],[Số tháng phát sinh]]/12/Table2[[#This Row],[Số tháng phát sinh]],0) -> 5
A35: 8 | B35: 2025 | C35: KSNK | D35: MN | E35: Huỳnh Thị Thùy Linh | F35: IB2500253771 | G35: Bệnh viện đa khoa Khu Vực Cù Lao Minh | H35: Anios | I35: Opaster'Anios | J35: Exeol OPA 5L | K35: Xử lý dụng cụ | L35: KK mức độ cao | M35: Nhập khẩu | N35: 5000 | O35: 139 | P35: 1058400 | Q35: Miền Tây | R35: 714000 | S35: 147117600 | T35: =R35*O35 -> 99246000 | U35: 0.39 | V35: Dung dịch Khử khuẩn mức độ cao trong 5 phút, Thành phần: 0,55% Ortho- Phthalaldehyde, pH=7, dung dịch sẵn sàng sử dụng (không cầnhoạt hóa), Đạt tiêu chuẩn EN 14561, EN 14562, EN 17111 và EN 14563, Tái sử dụng trong 14 ngày (tặng kèm test thử để kiểm tra nồng độ OPA), Thời gian bảo quản dung dịch trong can sau khi mở nắp đến 3 năm, Tương thích với ống nội soi của nhiều hãng, Xuất xứ G7 , | W35: 7 | X35: =T35*W35/12 -> 57893500 | Y35: =VLOOKUP(Q35,'[3]DATA VALID'!M:O,3,FALSE) -> 0 | Z35: =(R35-VLOOKUP(J35,'[3]DATA VALID'!G:K,5,FALSE))/R35-Y35*1.24 -> 0.31618908 | AF35: =ROUNDUP(Table2[[#This Row],[ Số lượng trúng thầu ]]*Table2[[#This Row],[Số tháng phát sinh]]/12/Table2[[#This Row],[Số tháng phát sinh]],0) -> 12 | AG35: =ROUNDUP(Table2[[#This Row],[ Số lượng trúng thầu ]]*Table2[[#This Row],[Số tháng phát sinh]]/12/Table2[[#This Row],[Số tháng phát sinh]],0) -> 12 | AH35: =ROUNDUP(Table2[[#This Row],[ Số lượng trúng thầu ]]*Table2[[#This Row],[Số tháng phát sinh]]/12/Table2[[#This Row],[Số tháng phát sinh]],0) -> 12 | AI35: =ROUNDUP(Table2[[#This Row],[ Số lượng trúng thầu ]]*Table2[[#This Row],[Số tháng phát sinh]]/12/Table2[[#This Row],[Số tháng phát sinh]],0) -> 12 | AJ35: =ROUNDUP(Table2[[#This Row],[ Số lượng trúng thầu ]]*Table2[[#This Row],[Số tháng phát sinh]]/12/Table2[[#This Row],[Số tháng phát sinh]],0) -> 12 | AK35: =ROUNDUP(Table2[[#This Row],[ Số lượng trúng thầu ]]*Table2[[#This Row],[Số tháng phát sinh]]/12/Table2[[#This Row],[Số tháng phát sinh]],0) -> 12 | AL35: =ROUNDUP(Table2[[#This Row],[ Số lượng trúng thầu ]]*Table2[[#This Row],[Số tháng phát sinh]]/12/Table2[[#This Row],[Số tháng phát sinh]],0) -> 12 | AM35: =ROUNDUP(Table2[[#This Row],[ Số lượng trúng thầu ]]*Table2[[#This Row],[Số tháng phát sinh]]/12/Table2[[#This Row],[Số tháng phát sinh]],0) -> 12 | AN35: =ROUNDUP(Table2[[#This Row],[ Số lượng trúng thầu ]]*Table2[[#This Row],[Số tháng phát sinh]]/12/Table2[[#This Row],[Số tháng phát sinh]],0) -> 12
A36: 8 | B36: 2025 | C36: KSNK | D36: MN | E36: Huỳnh Thị Thùy Linh | F36: IB2500253771 | G36: Bệnh viện đa khoa Khu Vực Cù Lao Minh | H36: Anios | I36: Aniosyme Synergy 5 | J36: Exeol clean 4E 1L | K36: Xử lý dụng cụ | L36: Làm sạch và tiền KK | M36: Nhập khẩu | N36: 1000 | O36: 128 | P36: 424200 | Q36: Miền Tây | R36: 252000 | S36: 54297600 | T36: =R36*O36 -> 32256000 | U36: 0.14 | V36: Dung dịch tẩy rửa có thành phần: Hỗn hợp 5 enzyme Protease, Lipase, Amylase, Mannanase, Cellulase, có thể sử dụng cho máy rửa khử khuẩn, Đạt tiêu chuẩn ISO 11930, Hiệu quả chống lại màng biofilm vi khuẩn Pseudomonas aeruginosa theo tiêu chuẩn ISO/TS 15883-5, Nồng độ sử dụng: từ 0,1% (máy rửa), pH = 6,8-7,89, Thời gian: từ 5 phút, Phù hợp với mọi chất lượng nước khác nhau, Xuất xứ G7, | W36: 7 | X36: =T36*W36/12 -> 18816000 | Y36: =VLOOKUP(Q36,'[3]DATA VALID'!M:O,3,FALSE) -> 0 | Z36: =(R36-VLOOKUP(J36,'[3]DATA VALID'!G:K,5,FALSE))/R36-Y36*1.24 -> 0.17750119 | AF36: =ROUNDUP(Table2[[#This Row],[ Số lượng trúng thầu ]]*Table2[[#This Row],[Số tháng phát sinh]]/12/Table2[[#This Row],[Số tháng phát sinh]],0) -> 11 | AG36: =ROUNDUP(Table2[[#This Row],[ Số lượng trúng thầu ]]*Table2[[#This Row],[Số tháng phát sinh]]/12/Table2[[#This Row],[Số tháng phát sinh]],0) -> 11 | AH36: =ROUNDUP(Table2[[#This Row],[ Số lượng trúng thầu ]]*Table2[[#This Row],[Số tháng phát sinh]]/12/Table2[[#This Row],[Số tháng phát sinh]],0) -> 11 | AI36: =ROUNDUP(Table2[[#This Row],[ Số lượng trúng thầu ]]*Table2[[#This Row],[Số tháng phát sinh]]/12/Table2[[#This Row],[Số tháng phát sinh]],0) -> 11 | AJ36: =ROUNDUP(Table2[[#This Row],[ Số lượng trúng thầu ]]*Table2[[#This Row],[Số tháng phát sinh]]/12/Table2[[#This Row],[Số tháng phát sinh]],0) -> 11 | AK36: =ROUNDUP(Table2[[#This Row],[ Số lượng trúng thầu ]]*Table2[[#This Row],[Số tháng phát sinh]]/12/Table2[[#This Row],[Số tháng phát sinh]],0) -> 11 | AL36: =ROUNDUP(Table2[[#This Row],[ Số lượng trúng thầu ]]*Table2[[#This Row],[Số tháng phát sinh]]/12/Table2[[#This Row],[Số tháng phát sinh]],0) -> 11 | AM36: =ROUNDUP(Table2[[#This Row],[ Số lượng trúng thầu ]]*Table2[[#This Row],[Số tháng phát sinh]]/12/Table2[[#This Row],[Số tháng phát sinh]],0) -> 11 | AN36: =ROUNDUP(Table2[[#This Row],[ Số lượng trúng thầu ]]*Table2[[#This Row],[Số tháng phát sinh]]/12/Table2[[#This Row],[Số tháng phát sinh]],0) -> 11
A37: 8 | B37: 2025 | C37: KSNK | D37: MN | E37: Huỳnh Thị Thùy Linh | F37: IB2500253771 | G37: Bệnh viện đa khoa Khu Vực Cù Lao Minh | H37: Anios | I37: Anios’Clean Excel D | J37: Exeol sept first 5L | K37: Xử lý dụng cụ | L37: Làm sạch và tiền KK | M37: Nhập khẩu | N37: 5000 | O37: 70 | P37: 1669500 | Q37: Miền Tây | R37: 1218000 | S37: 116865000 | T37: =R37*O37 -> 85260000 | U37: 0.31 | V37: Dung dịch làm sạch và khử khuẩn dụng cụ y tế, Thành phần: Didecyldimethyl ammoniumchloride, Chlorhexidine digluconate, chất hoạt động bề mặt non-ionic, Nồng độ sử dụng 0,5%, pH = 6,6 - 7,6, Thời gian tiếp xúc: từ 5 phút, Diệt virus (HIV-1, HBV, HCV, HSV, Vacinia) theo tiêu chuẩn, châu Âu EN 17111, Đạt tiêu chuẩn ISO 15883, , Xuất xứ G7 | W37: 7 | X37: =T37*W37/12 -> 49735000 | Y37: =VLOOKUP(Q37,'[3]DATA VALID'!M:O,3,FALSE) -> 0 | Z37: =(R37-VLOOKUP(J37,'[3]DATA VALID'!G:K,5,FALSE))/R37-Y37*1.24 -> 0.49399015 | AF37: =ROUNDUP(Table2[[#This Row],[ Số lượng trúng thầu ]]*Table2[[#This Row],[Số tháng phát sinh]]/12/Table2[[#This Row],[Số tháng phát sinh]],0) -> 6 | AG37: =ROUNDUP(Table2[[#This Row],[ Số lượng trúng thầu ]]*Table2[[#This Row],[Số tháng phát sinh]]/12/Table2[[#This Row],[Số tháng phát sinh]],0) -> 6 | AH37: =ROUNDUP(Table2[[#This Row],[ Số lượng trúng thầu ]]*Table2[[#This Row],[Số tháng phát sinh]]/12/Table2[[#This Row],[Số tháng phát sinh]],0) -> 6 | AI37: =ROUNDUP(Table2[[#This Row],[ Số lượng trúng thầu ]]*Table2[[#This Row],[Số tháng phát sinh]]/12/Table2[[#This Row],[Số tháng phát sinh]],0) -> 6 | AJ37: =ROUNDUP(Table2[[#This Row],[ Số lượng trúng thầu ]]*Table2[[#This Row],[Số tháng phát sinh]]/12/Table2[[#This Row],[Số tháng phát sinh]],0) -> 6 | AK37: =ROUNDUP(Table2[[#This Row],[ Số lượng trúng thầu ]]*Table2[[#This Row],[Số tháng phát sinh]]/12/Table2[[#This Row],[Số tháng phát sinh]],0) -> 6 | AL37: =ROUNDUP(Table2[[#This Row],[ Số lượng trúng thầu ]]*Table2[[#This Row],[Số tháng phát sinh]]/12/Table2[[#This Row],[Số tháng phát sinh]],0) -> 6 | AM37: =ROUNDUP(Table2[[#This Row],[ Số lượng trúng thầu ]]*Table2[[#This Row],[Số tháng phát sinh]]/12/Table2[[#This Row],[Số tháng phát sinh]],0) -> 6 | AN37: =ROUNDUP(Table2[[#This Row],[ Số lượng trúng thầu ]]*Table2[[#This Row],[Số tháng phát sinh]]/12/Table2[[#This Row],[Số tháng phát sinh]],0) -> 6
A38: 7 | B38: 2025 | C38: KSNK | D38: MB | E38: Hứa Thùy Linh | F38: IB2500271697 | G38: Bệnh Viện Tâm Thần Mỹ Đức | H38: Anios | I38: Steranios 2% | J38: Exeol GTA 2% 5L | K38: Xử lý dụng cụ | L38: KK mức độ cao | M38: Nhập khẩu | N38: 1000 | O38: 5 | P38: 122000 | Q38: SPC | R38: =428925/5 -> 85785 | S38: 610000 | T38: =R38*O38 -> 428925 | U38: 0.04 | W38: 8 | X38: =T38*W38/12 -> 285950 | Y38: =VLOOKUP(Q38,'[3]DATA VALID'!M:O,3,FALSE) -> 0.1 | Z38: =(R38*5-VLOOKUP(J38,'[3]DATA VALID'!G:K,5,FALSE))/(R38*5)-Y38*1.24 -> 0.4292156 | AE38: =ROUNDUP(Table2[[#This Row],[ Số lượng trúng thầu ]]*Table2[[#This Row],[Số tháng phát sinh]]/12/9,0) -> 1 | AF38: =ROUNDUP(Table2[[#This Row],[ Số lượng trúng thầu ]]*Table2[[#This Row],[Số tháng phát sinh]]/12/9,0) -> 1 | AG38: =ROUNDUP(Table2[[#This Row],[ Số lượng trúng thầu ]]*Table2[[#This Row],[Số tháng phát sinh]]/12/9,0) -> 1 | AH38: =ROUNDUP(Table2[[#This Row],[ Số lượng trúng thầu ]]*Table2[[#This Row],[Số tháng phát sinh]]/12/9,0) -> 1 | AI38: =ROUNDUP(Table2[[#This Row],[ Số lượng trúng thầu ]]*Table2[[#This Row],[Số tháng phát sinh]]/12/9,0) -> 1 | AJ38: =ROUNDUP(Table2[[#This Row],[ Số lượng trúng thầu ]]*Table2[[#This Row],[Số tháng phát sinh]]/12/9,0) -> 1 | AK38: =ROUNDUP(Table2[[#This Row],[ Số lượng trúng thầu ]]*Table2[[#This Row],[Số tháng phát sinh]]/12/9,0) -> 1 | AL38: =ROUNDUP(Table2[[#This Row],[ Số lượng trúng thầu ]]*Table2[[#This Row],[Số tháng phát sinh]]/12/9,0) -> 1 | ... AN38: =ROUNDUP(Table2[[#This Row],[ Số lượng trúng thầu ]]*Table2[[#This Row],[Số tháng phát sinh]]/12/9,0) -> 1
A39: 9 | B39: 2025 | C39: KSNK | D39: MB | E39: Nguyễn Thị Tình | F39: IB2500255370 | G39: Bệnh Viện Đa Khoa Đống Đa | H39: Anios | I39: Opaster'Anios | J39: Exeol OPA 5L | K39: Xử lý dụng cụ | L39: KK mức độ cao | M39: Nhập khẩu | N39: 5000 | O39: 125 | P39: 1260000 | Q39: SPC | R39: 980000 | S39: 157500000 | T39: =R39*O39 -> 122500000 | U39: 0.42 | V39: Thành phần tối thiểu: Orthophthaladehyde 0.55%: Thời gian ngâm khoảng: 5 phút. Dung tích: 5 Lít/Can (Sản phẩm kèm que thử tồn dư hóa chất) | W39: 6 | X39: =T39*W39/12 -> 61250000 | Y39: =VLOOKUP(Q39,'[3]DATA VALID'!M:O,3,FALSE) -> 0.1 | Z39: =(R39-VLOOKUP(J39,'[3]DATA VALID'!G:K,5,FALSE))/R39-Y39*1.24 -> 0.3777949 | AG39: =ROUNDUP(Table2[[#This Row],[ Số lượng trúng thầu ]]*Table2[[#This Row],[Số tháng phát sinh]]/12/Table2[[#This Row],[Số tháng phát sinh]],0) -> 11 | AH39: =ROUNDUP(Table2[[#This Row],[ Số lượng trúng thầu ]]*Table2[[#This Row],[Số tháng phát sinh]]/12/Table2[[#This Row],[Số tháng phát sinh]],0) -> 11 | AI39: =ROUNDUP(Table2[[#This Row],[ Số lượng trúng thầu ]]*Table2[[#This Row],[Số tháng phát sinh]]/12/Table2[[#This Row],[Số tháng phát sinh]],0) -> 11 | AJ39: =ROUNDUP(Table2[[#This Row],[ Số lượng trúng thầu ]]*Table2[[#This Row],[Số tháng phát sinh]]/12/Table2[[#This Row],[Số tháng phát sinh]],0) -> 11 | AK39: =ROUNDUP(Table2[[#This Row],[ Số lượng trúng thầu ]]*Table2[[#This Row],[Số tháng phát sinh]]/12/Table2[[#This Row],[Số tháng phát sinh]],0) -> 11 | AL39: =ROUNDUP(Table2[[#This Row],[ Số lượng trúng thầu ]]*Table2[[#This Row],[Số tháng phát sinh]]/12/Table2[[#This Row],[Số tháng phát sinh]],0) -> 11 | AM39: =ROUNDUP(Table2[[#This Row],[ Số lượng trúng thầu ]]*Table2[[#This Row],[Số tháng phát sinh]]/12/Table2[[#This Row],[Số tháng phát sinh]],0) -> 11 | AN39: =ROUNDUP(Table2[[#This Row],[ Số lượng trúng thầu ]]*Table2[[#This Row],[Số tháng phát sinh]]/12/Table2[[#This Row],[Số tháng phát sinh]],0) -> 11
A40: 9 | B40: 2025 | C40: KSNK | D40: MB | E40: Nguyễn Thị Tình | F40: IB2500255370 | G40: Bệnh Viện Đa Khoa Đống Đa | H40: Anios | I40: Anios’Clean Excel D | J40: Exeol sept first 1L | K40: Xử lý dụng cụ | L40: Làm sạch và tiền KK | M40: Nhập khẩu | N40: 1000 | O40: 25 | P40: 400000 | Q40: SPC | R40: =1450000/5 -> 290000 | S40: 10000000 | T40: =R40*O40 -> 7250000 | U40: 0.03 | V40: Thành phần 6,5% Didecyldimethyl ammonium chloride, 0,074% Chlorhexidine digluconate, chất hoạt động bề mặt non-ionic. Làm sạch và khử khuẩn dụng cụ y tế. Thời gian tiếp xúc: từ 5 phút | W40: 6 | X40: =T40*W40/12 -> 3625000 | Y40: =VLOOKUP(Q40,'[3]DATA VALID'!M:O,3,FALSE) -> 0.1 | Z40: =(R40-VLOOKUP(J40,'[3]DATA VALID'!G:K,5,FALSE))/R40-Y40*1.24 -> 0.40335517 | AG40: =ROUNDUP(Table2[[#This Row],[ Số lượng trúng thầu ]]*Table2[[#This Row],[Số tháng phát sinh]]/12/Table2[[#This Row],[Số tháng phát sinh]],0) -> 3 | AH40: =ROUNDUP(Table2[[#This Row],[ Số lượng trúng thầu ]]*Table2[[#This Row],[Số tháng phát sinh]]/12/Table2[[#This Row],[Số tháng phát sinh]],0) -> 3 | AI40: =ROUNDUP(Table2[[#This Row],[ Số lượng trúng thầu ]]*Table2[[#This Row],[Số tháng phát sinh]]/12/Table2[[#This Row],[Số tháng phát sinh]],0) -> 3 | AJ40: =ROUNDUP(Table2[[#This Row],[ Số lượng trúng thầu ]]*Table2[[#This Row],[Số tháng phát sinh]]/12/Table2[[#This Row],[Số tháng phát sinh]],0) -> 3 | AK40: =ROUNDUP(Table2[[#This Row],[ Số lượng trúng thầu ]]*Table2[[#This Row],[Số tháng phát sinh]]/12/Table2[[#This Row],[Số tháng phát sinh]],0) -> 3 | AL40: =ROUNDUP(Table2[[#This Row],[ Số lượng trúng thầu ]]*Table2[[#This Row],[Số tháng phát sinh]]/12/Table2[[#This Row],[Số tháng phát sinh]],0) -> 3 | AM40: =ROUNDUP(Table2[[#This Row],[ Số lượng trúng thầu ]]*Table2[[#This Row],[Số tháng phát sinh]]/12/Table2[[#This Row],[Số tháng phát sinh]],0) -> 3 | AN40: =ROUNDUP(Table2[[#This Row],[ Số lượng trúng thầu ]]*Table2[[#This Row],[Số tháng phát sinh]]/12/Table2[[#This Row],[Số tháng phát sinh]],0) -> 3
A41: 9 | B41: 2025 | C41: KSNK | D41: MB | E41: Nguyễn Thị Tình | F41: IB2500255370 | G41: Bệnh Viện Đa Khoa Đống Đa | H41: Anios | I41: Aniospray Surf 29 | J41: Exeol surf 30 1L | K41: Xử lý bề mặt | L41: Phun tay | M41: Nhập khẩu | N41: 1000 | O41: 2 | P41: 332500 | Q41: SPC | R41: 260000 | S41: 665000 | T41: =R41*O41 -> 520000 | U41: 0 | V41: Thành phần gồm: 0,053% Didecyldimethyl ammonium chloride + 0,064 % Chlorhexidine digluconate kết hợp 22,6% Ethanol. Khử khuẩn nhanh các bề mặt. Dung tích: 1 Lít/Chai | W41: 6 | X41: =T41*W41/12 -> 260000 | Y41: =VLOOKUP(Q41,'[3]DATA VALID'!M:O,3,FALSE) -> 0.1 | Z41: =(R41-VLOOKUP(J41,'[3]DATA VALID'!G:K,5,FALSE))/R41-Y41*1.24 -> 0.39375923 | AG41: =ROUNDUP(Table2[[#This Row],[ Số lượng trúng thầu ]]*Table2[[#This Row],[Số tháng phát sinh]]/12/Table2[[#This Row],[Số tháng phát sinh]],0) -> 1 | AH41: =ROUNDUP(Table2[[#This Row],[ Số lượng trúng thầu ]]*Table2[[#This Row],[Số tháng phát sinh]]/12/Table2[[#This Row],[Số tháng phát sinh]],0) -> 1 | AI41: =ROUNDUP(Table2[[#This Row],[ Số lượng trúng thầu ]]*Table2[[#This Row],[Số tháng phát sinh]]/12/Table2[[#This Row],[Số tháng phát sinh]],0) -> 1 | AJ41: =ROUNDUP(Table2[[#This Row],[ Số lượng trúng thầu ]]*Table2[[#This Row],[Số tháng phát sinh]]/12/Table2[[#This Row],[Số tháng phát sinh]],0) -> 1 | AK41: =ROUNDUP(Table2[[#This Row],[ Số lượng trúng thầu ]]*Table2[[#This Row],[Số tháng phát sinh]]/12/Table2[[#This Row],[Số tháng phát sinh]],0) -> 1 | AL41: =ROUNDUP(Table2[[#This Row],[ Số lượng trúng thầu ]]*Table2[[#This Row],[Số tháng phát sinh]]/12/Table2[[#This Row],[Số tháng phát sinh]],0) -> 1 | AM41: =ROUNDUP(Table2[[#This Row],[ Số lượng trúng thầu ]]*Table2[[#This Row],[Số tháng phát sinh]]/12/Table2[[#This Row],[Số tháng phát sinh]],0) -> 1 | AN41: =ROUNDUP(Table2[[#This Row],[ Số lượng trúng thầu ]]*Table2[[#This Row],[Số tháng phát sinh]]/12/Table2[[#This Row],[Số tháng phát sinh]],0) -> 1
A42: 8 | B42: 2025 | C42: KSNK | D42: MN | E42: Nguyễn Thái Hằng | F42: IB2500128159 | G42: Bệnh viện Tai Mũi Họng | H42: Anios | I42: Wip'Anios Excel | J42: =VLOOKUP(I42,'[3]DATA VALID'!A:B,2,FALSE) -> Exeol wipe optimal | K42: Xử lý bề mặt | L42: Khăn lau | M42: Nhập khẩu | N42: 1 | O42: 100 | P42: 305000 | Q42: SPC | R42: 245000 | S42: 30500000 | T42: =R42*O42 -> 24500000 | U42: 0.02 | W42: 7 | X42: =T42*W42/12 -> 14291667 | Y42: =VLOOKUP(Q42,'[3]DATA VALID'!M:O,3,FALSE) -> 0.1 | Z42: =(R42-VLOOKUP(J42,'[3]DATA VALID'!G:K,5,FALSE))/R42-Y42*1.24 -> 0.36423429 | AF42: =ROUNDUP(Table2[[#This Row],[ Số lượng trúng thầu ]]*Table2[[#This Row],[Số tháng phát sinh]]/12/Table2[[#This Row],[Số tháng phát sinh]],0) -> 9 | AG42: =ROUNDUP(Table2[[#This Row],[ Số lượng trúng thầu ]]*Table2[[#This Row],[Số tháng phát sinh]]/12/Table2[[#This Row],[Số tháng phát sinh]],0) -> 9 | AH42: =ROUNDUP(Table2[[#This Row],[ Số lượng trúng thầu ]]*Table2[[#This Row],[Số tháng phát sinh]]/12/Table2[[#This Row],[Số tháng phát sinh]],0) -> 9 | AI42: =ROUNDUP(Table2[[#This Row],[ Số lượng trúng thầu ]]*Table2[[#This Row],[Số tháng phát sinh]]/12/Table2[[#This Row],[Số tháng phát sinh]],0) -> 9 | AJ42: =ROUNDUP(Table2[[#This Row],[ Số lượng trúng thầu ]]*Table2[[#This Row],[Số tháng phát sinh]]/12/Table2[[#This Row],[Số tháng phát sinh]],0) -> 9 | AK42: =ROUNDUP(Table2[[#This Row],[ Số lượng trúng thầu ]]*Table2[[#This Row],[Số tháng phát sinh]]/12/Table2[[#This Row],[Số tháng phát sinh]],0) -> 9 | AL42: =ROUNDUP(Table2[[#This Row],[ Số lượng trúng thầu ]]*Table2[[#This Row],[Số tháng phát sinh]]/12/Table2[[#This Row],[Số tháng phát sinh]],0) -> 9 | AM42: =ROUNDUP(Table2[[#This Row],[ Số lượng trúng thầu ]]*Table2[[#This Row],[Số tháng phát sinh]]/12/Table2[[#This Row],[Số tháng phát sinh]],0) -> 9 | AN42: =ROUNDUP(Table2[[#This Row],[ Số lượng trúng thầu ]]*Table2[[#This Row],[Số tháng phát sinh]]/12/Table2[[#This Row],[Số tháng phát sinh]],0) -> 9
A43: 9 | B43: 2025 | C43: KSNK | D43: MB | E43: Phạm Thị Huyền Châm | F43: IB2500207882 | G43: Bệnh Viện Phổi Trung Ương | H43: Anios | I43: Aniosyme Synergy 5 | J43: Exeol clean 4E 1L | K43: Xử lý dụng cụ | L43: Làm sạch và tiền KK | M43: Nhập khẩu | N43: 1000 | O43: 550 | P43: 487000 | Q43: SPC | R43: 440000 | S43: 267850000 | T43: =R43*O43 -> 242000000 | U43: 0.04 | V43: 1. Hỗn hợp 5 enzyme 1%-3% protease, 0.1%-0.5% lipase, 0.1%-0.5% amylase, 0.1%-0.5% mannanase, 0.1%-0.5% cellulase 2. Dùng được cho máy rửa tự động và ngâm rửa thủ công, làm sạch dụng cụ, thiết bị y tế trước khi tiệt trùng hoặc khử khuẩn mức độ cao Nồng độ sử dụng: từ 0.1% (máy rửa) pH = 6.89-7.29 Thời gian: từ 5 phút Phù hợp với mọi chất lượng nước khác nhau 4. Hiệu quả chống lại màng biofilm vi khuẩn Pseudomonas aeruginosa theo tiêu chuẩn ISO/TS 15883-5 Xuất xứ: Pháp Đạt tiêu chuẩn ISO 13485 | W43: 6 | X43: =T43*W43/12 -> 121000000 | Y43: =VLOOKUP(Q43,'[3]DATA VALID'!M:O,3,FALSE) -> 0.1 | Z43: =(R43-VLOOKUP(J43,'[3]DATA VALID'!G:K,5,FALSE))/R43-Y43*1.24 -> 0.4049325 | AG43: =ROUNDUP(Table2[[#This Row],[ Số lượng trúng thầu ]]*Table2[[#This Row],[Số tháng phát sinh]]/12/Table2[[#This Row],[Số tháng phát sinh]],0) -> 46 | AH43: =ROUNDUP(Table2[[#This Row],[ Số lượng trúng thầu ]]*Table2[[#This Row],[Số tháng phát sinh]]/12/Table2[[#This Row],[Số tháng phát sinh]],0) -> 46 | AI43: =ROUNDUP(Table2[[#This Row],[ Số lượng trúng thầu ]]*Table2[[#This Row],[Số tháng phát sinh]]/12/Table2[[#This Row],[Số tháng phát sinh]],0) -> 46 | AJ43: =ROUNDUP(Table2[[#This Row],[ Số lượng trúng thầu ]]*Table2[[#This Row],[Số tháng phát sinh]]/12/Table2[[#This Row],[Số tháng phát sinh]],0) -> 46 | AK43: =ROUNDUP(Table2[[#This Row],[ Số lượng trúng thầu ]]*Table2[[#This Row],[Số tháng phát sinh]]/12/Table2[[#This Row],[Số tháng phát sinh]],0) -> 46 | AL43: =ROUNDUP(Table2[[#This Row],[ Số lượng trúng thầu ]]*Table2[[#This Row],[Số tháng phát sinh]]/12/Table2[[#This Row],[Số tháng phát sinh]],0) -> 46 | AM43: =ROUNDUP(Table2[[#This Row],[ Số lượng trúng thầu ]]*Table2[[#This Row],[Số tháng phát sinh]]/12/Table2[[#This Row],[Số tháng phát sinh]],0) -> 46 | AN43: =ROUNDUP(Table2[[#This Row],[ Số lượng trúng thầu ]]*Table2[[#This Row],[Số tháng phát sinh]]/12/Table2[[#This Row],[Số tháng phát sinh]],0) -> 46
A44: 9 | B44: 2025 | C44: KSNK | D44: MB | E44: Phạm Thị Huyền Châm | F44: IB2500207882 | G44: Bệnh Viện Phổi Trung Ương | H44: Metrex | I44: Empower Fragrance Free | J44: Exeol clean 4E 1L | K44: Xử lý dụng cụ | L44: Làm sạch và tiền KK | M44: Nhập khẩu | N44: 1000 | O44: 550 | P44: 333000 | Q44: SPC | R44: 440000 | S44: 183150000 | T44: =R44*O44 -> 242000000 | U44: 0.03 | V44: Dung dịch tẩy rửa đa Enzyme được sử dụng để làm sạch trước các dụng cụ, thiết bị y tế trước khi tiệt trùng hoặc khử khuẩn mức độ cao. - Thành phần: Dung dịch rửa dụng cụ y tế hoạt tính enzyme có chứa ≥ 04 loại enzyme và chất hoạt động bề mặt, trong đó có 02 enzyme protease giúp phá vỡ và loại bỏ máu, mô, chất nhầy và dịch cơ thể giàu protein khác khỏi dụng cụ. Enzyme protease 1 (Liquanase Everis 900L) 1-5%, Enzyme protease 2 (Savinase Everis 900L) <1% Emzyme amylase (Amplify Prime 100L) < 1%, Enzyme lipase (Lipex Evity 200L) <1% Propylene Glycol: 1-5% - Công thức ít tạo bọt sử dụng được trên máy tự động, hệ thống làm sạch dụng cụ nha khoa. - pH: 7.5-8.5 - Thời gian ngâm thủ công ≥ 01 phút. - Có thể sử dụng với nhiệt độ nước lên đến 55℃ - Có thể sử dụng được trên máy rửa tự động, bể rửa siêu âm - Đạt tiêu chuẩn ISO, FDA hoặc tương đương - Đóng gói: Can 3,8 lít - Xuất xứ: Mỹ | W44: 6 | X44: =T44*W44/12 -> 121000000 | Y44: =VLOOKUP(Q44,'[3]DATA VALID'!M:O,3,FALSE) -> 0.1 | Z44: =(R44-VLOOKUP(J44,'[3]DATA VALID'!G:K,5,FALSE))/R44-Y44*1.24 -> 0.4049325 | AG44: =ROUNDUP(Table2[[#This Row],[ Số lượng trúng thầu ]]*Table2[[#This Row],[Số tháng phát sinh]]/12/Table2[[#This Row],[Số tháng phát sinh]],0) -> 46 | AH44: =ROUNDUP(Table2[[#This Row],[ Số lượng trúng thầu ]]*Table2[[#This Row],[Số tháng phát sinh]]/12/Table2[[#This Row],[Số tháng phát sinh]],0) -> 46 | AI44: =ROUNDUP(Table2[[#This Row],[ Số lượng trúng thầu ]]*Table2[[#This Row],[Số tháng phát sinh]]/12/Table2[[#This Row],[Số tháng phát sinh]],0) -> 46 | AJ44: =ROUNDUP(Table2[[#This Row],[ Số lượng trúng thầu ]]*Table2[[#This Row],[Số tháng phát sinh]]/12/Table2[[#This Row],[Số tháng phát sinh]],0) -> 46 | AK44: =ROUNDUP(Table2[[#This Row],[ Số lượng trúng thầu ]]*Table2[[#This Row],[Số tháng phát sinh]]/12/Table2[[#This Row],[Số tháng phát sinh]],0) -> 46 | AL44: =ROUNDUP(Table2[[#This Row],[ Số lượng trúng thầu ]]*Table2[[#This Row],[Số tháng phát sinh]]/12/Table2[[#This Row],[Số tháng phát sinh]],0) -> 46 | AM44: =ROUNDUP(Table2[[#This Row],[ Số lượng trúng thầu ]]*Table2[[#This Row],[Số tháng phát sinh]]/12/Table2[[#This Row],[Số tháng phát sinh]],0) -> 46 | AN44: =ROUNDUP(Table2[[#This Row],[ Số lượng trúng thầu ]]*Table2[[#This Row],[Số tháng phát sinh]]/12/Table2[[#This Row],[Số tháng phát sinh]],0) -> 46
A45: 9 | B45: 2025 | C45: KSNK | D45: MB | E45: Phạm Thị Huyền Châm | F45: IB2500207882 | G45: Bệnh Viện Phổi Trung Ương | H45: Anios | I45: Opaster'Anios | J45: Exeol OPA 5L | K45: Xử lý dụng cụ | L45: KK mức độ cao | M45: Nhập khẩu | N45: 1000 | O45: 3150 | P45: 220000 | Q45: SPC | R45: =980000/5 -> 196000 | S45: 693000000 | T45: =R45*O45 -> 617400000 | U45: 0.1 | V45: 1. Thành phần: 0,55% Ortho- Phthalaldehyde, 2. Tái sử dụng trong 14 ngày (tặng kèm test thử để kiểm tra nồng độ OPA). pH=7, dung dịch sẵn sàng sử dụng (không pha loãng). 3. Hiệu quả diệt khuẩn: - Diệt các loại virus (Adenovirus, Norovirus MNV, Vacciniavirus,...), vi khuẩn lao, nấm,... - Diệt khuẩn EN 14561 (Pseudomonas aeruginosa, Staphylococcus aureus, Enterococcus hirae...) - Diệt nấm EN 14562 (Candida albicans, Aspergillus niger...) - Diệt vi khuẩn lao EN 14563 (Mycobacterium terrae, Mycobacterium avium...) - Diệt bào tử trong 30 phút theo EN 17126 (Clostridium difficile, Bacillus subtilis, Bacillus cereus) - Diệt virus EN 17111 (Adenovirus...) 4. Có tài liệu chứng minh tương thích với ống nội soi hãng Olympus, Fujifilm,Pentax 6. Đạt tiêu chuẩn CE, ISO 13485, ISO 9001 Xuất xứ: Pháp | W45: 6 | X45: =T45*W45/12 -> 308700000 | Y45: =VLOOKUP(Q45,'[3]DATA VALID'!M:O,3,FALSE) -> 0.1 | Z45: =(R45*5-VLOOKUP(J45,'[3]DATA VALID'!G:K,5,FALSE))/(R45*5)-Y45*1.24 -> 0.3777949 | AG45: =ROUNDUP(Table2[[#This Row],[ Số lượng trúng thầu ]]*Table2[[#This Row],[Số tháng phát sinh]]/12/Table2[[#This Row],[Số tháng phát sinh]],0) -> 263 | AH45: =ROUNDUP(Table2[[#This Row],[ Số lượng trúng thầu ]]*Table2[[#This Row],[Số tháng phát sinh]]/12/Table2[[#This Row],[Số tháng phát sinh]],0) -> 263 | AI45: =ROUNDUP(Table2[[#This Row],[ Số lượng trúng thầu ]]*Table2[[#This Row],[Số tháng phát sinh]]/12/Table2[[#This Row],[Số tháng phát sinh]],0) -> 263 | AJ45: =ROUNDUP(Table2[[#This Row],[ Số lượng trúng thầu ]]*Table2[[#This Row],[Số tháng phát sinh]]/12/Table2[[#This Row],[Số tháng phát sinh]],0) -> 263 | AK45: =ROUNDUP(Table2[[#This Row],[ Số lượng trúng thầu ]]*Table2[[#This Row],[Số tháng phát sinh]]/12/Table2[[#This Row],[Số tháng phát sinh]],0) -> 263 | AL45: =ROUNDUP(Table2[[#This Row],[ Số lượng trúng thầu ]]*Table2[[#This Row],[Số tháng phát sinh]]/12/Table2[[#This Row],[Số tháng phát sinh]],0) -> 263 | AM45: =ROUNDUP(Table2[[#This Row],[ Số lượng trúng thầu ]]*Table2[[#This Row],[Số tháng phát sinh]]/12/Table2[[#This Row],[Số tháng phát sinh]],0) -> 263 | AN45: =ROUNDUP(Table2[[#This Row],[ Số lượng trúng thầu ]]*Table2[[#This Row],[Số tháng phát sinh]]/12/Table2[[#This Row],[Số tháng phát sinh]],0) -> 263
A46: 9 | B46: 2025 | C46: KSNK | D46: MB | E46: Phạm Thị Huyền Châm | F46: IB2500207882 | G46: Bệnh Viện Phổi Trung Ương | H46: Metrex | I46: Metricide Opa Plus | J46: Exeol OPA 5L | K46: Xử lý dụng cụ | L46: KK mức độ cao | M46: Nhập khẩu | N46: 1000 | O46: 3150 | P46: 218158 | Q46: SPC | R46: =980000/5 -> 196000 | S46: 687197700 | T46: =R46*O46 -> 617400000 | U46: 0.1 | V46: - Thành phần: Ortho-phthalaldehyde 0,60%, có thể tái xử lý thủ công lên đến 30 ngày. - Hiệu quả diệt khuẩn, diệt nấm, diệt virus, diệt trực khuẩn lao Lao là 05 phút. - Hoạt tính diệt khuẩn trên vi sinh vật: Staphylococcus aureus, Salmonella choleraesuis, Pseudomonas aeruginosa, Mycobacterium bovis, Trichophyton mentagrophytes, Poliovirus Type 1, Rhinovirus Type 42, Hepatitis A (AER), HIV-1... - pH = 7.0-7.8 - Không gây ăn mòn dụng cụ, không gây ảnh hưởng tới dụng cụ nội soi, không chứa chất làm mờ thấu kính của ống soi - Đạt tiêu chuẩn ISO 13485, FDA - Đóng gói: Can 3,8 lít - Xuất xứ: Mỹ | W46: 6 | X46: =T46*W46/12 -> 308700000 | Y46: =VLOOKUP(Q46,'[3]DATA VALID'!M:O,3,FALSE) -> 0.1 | Z46: =(R46*5-VLOOKUP(J46,'[3]DATA VALID'!G:K,5,FALSE))/(R46*5)-Y46*1.24 -> 0.3777949 | AG46: =ROUNDUP(Table2[[#This Row],[ Số lượng trúng thầu ]]*Table2[[#This Row],[Số tháng phát sinh]]/12/Table2[[#This Row],[Số tháng phát sinh]],0) -> 263 | AH46: =ROUNDUP(Table2[[#This Row],[ Số lượng trúng thầu ]]*Table2[[#This Row],[Số tháng phát sinh]]/12/Table2[[#This Row],[Số tháng phát sinh]],0) -> 263 | AI46: =ROUNDUP(Table2[[#This Row],[ Số lượng trúng thầu ]]*Table2[[#This Row],[Số tháng phát sinh]]/12/Table2[[#This Row],[Số tháng phát sinh]],0) -> 263 | AJ46: =ROUNDUP(Table2[[#This Row],[ Số lượng trúng thầu ]]*Table2[[#This Row],[Số tháng phát sinh]]/12/Table2[[#This Row],[Số tháng phát sinh]],0) -> 263 | AK46: =ROUNDUP(Table2[[#This Row],[ Số lượng trúng thầu ]]*Table2[[#This Row],[Số tháng phát sinh]]/12/Table2[[#This Row],[Số tháng phát sinh]],0) -> 263 | AL46: =ROUNDUP(Table2[[#This Row],[ Số lượng trúng thầu ]]*Table2[[#This Row],[Số tháng phát sinh]]/12/Table2[[#This Row],[Số tháng phát sinh]],0) -> 263 | AM46: =ROUNDUP(Table2[[#This Row],[ Số lượng trúng thầu ]]*Table2[[#This Row],[Số tháng phát sinh]]/12/Table2[[#This Row],[Số tháng phát sinh]],0) -> 263 | AN46: =ROUNDUP(Table2[[#This Row],[ Số lượng trúng thầu ]]*Table2[[#This Row],[Số tháng phát sinh]]/12/Table2[[#This Row],[Số tháng phát sinh]],0) -> 263
A47: 9 | B47: 2025 | C47: KSNK | D47: MB | E47: Phạm Thị Huyền Châm | F47: IB2500207882 | G47: Bệnh Viện Phổi Trung Ương | H47: Metrex | I47: Cavicide1 | J47: Exeol surf 30 1L | K47: Xử lý bề mặt | L47: Phun tay | M47: Nhập khẩu | N47: 710 | O47: 800 | P47: 280000 | Q47: SPC | R47: =1450000/5 -> 290000 | S47: 224000000 | T47: =R47*O47 -> 232000000 | U47: 0.03 | V47: Là dung dịch khử khuẩn bề mặt có cồn nồng độ thấp, - Thành phần: Didecyldimethylammonium chloride: 0.76%. Ethanol 7.5%. Isopropanol 15% - Dung dịch khử khuẩn và làm sạch bề mặt trong phòng thí nghiệm, trong ICU; màn hình OLED, đầu dò siêu âm,... - Hiệu quả ≤ 01 phút tiêu diệt được ≥ 25 vi sinh vật gây bệnh trong môi trường lâm sàng, trong đó có: Nấm Candida Auris, Trực khuẩn mủ xanh, Vi khuẩn lao, tụ cầu vàng, trực khuẩn mủ xanh, vi khuẩn đa kháng thuốc Acinetobacter Baumannii, virus ( HIV, HBV, HCV, HSV, Human Coronavirus…). - Đóng gói Chai 710 ml - Đạt tiêu chuẩn FDA - Xuất xứ: Mỹ | W47: 6 | X47: =T47*W47/12 -> 116000000 | Y47: =VLOOKUP(Q47,'[3]DATA VALID'!M:O,3,FALSE) -> 0.1 | Z47: =(R47-VLOOKUP(J47,'[3]DATA VALID'!G:K,5,FALSE))/R47-Y47*1.24 -> 0.44364621 | AG47: =ROUNDUP(Table2[[#This Row],[ Số lượng trúng thầu ]]*Table2[[#This Row],[Số tháng phát sinh]]/12/Table2[[#This Row],[Số tháng phát sinh]],0) -> 67 | AH47: =ROUNDUP(Table2[[#This Row],[ Số lượng trúng thầu ]]*Table2[[#This Row],[Số tháng phát sinh]]/12/Table2[[#This Row],[Số tháng phát sinh]],0) -> 67 | AI47: =ROUNDUP(Table2[[#This Row],[ Số lượng trúng thầu ]]*Table2[[#This Row],[Số tháng phát sinh]]/12/Table2[[#This Row],[Số tháng phát sinh]],0) -> 67 | AJ47: =ROUNDUP(Table2[[#This Row],[ Số lượng trúng thầu ]]*Table2[[#This Row],[Số tháng phát sinh]]/12/Table2[[#This Row],[Số tháng phát sinh]],0) -> 67 | AK47: =ROUNDUP(Table2[[#This Row],[ Số lượng trúng thầu ]]*Table2[[#This Row],[Số tháng phát sinh]]/12/Table2[[#This Row],[Số tháng phát sinh]],0) -> 67 | AL47: =ROUNDUP(Table2[[#This Row],[ Số lượng trúng thầu ]]*Table2[[#This Row],[Số tháng phát sinh]]/12/Table2[[#This Row],[Số tháng phát sinh]],0) -> 67 | AM47: =ROUNDUP(Table2[[#This Row],[ Số lượng trúng thầu ]]*Table2[[#This Row],[Số tháng phát sinh]]/12/Table2[[#This Row],[Số tháng phát sinh]],0) -> 67 | AN47: =ROUNDUP(Table2[[#This Row],[ Số lượng trúng thầu ]]*Table2[[#This Row],[Số tháng phát sinh]]/12/Table2[[#This Row],[Số tháng phát sinh]],0) -> 67
A48: 9 | B48: 2025 | C48: KSNK | D48: MB | E48: Phạm Thị Huyền Châm | F48: IB2500207882 | G48: Bệnh Viện Phổi Trung Ương | H48: Anios | I48: Surfa'Safe Premium | J48: Exeol surf optimal 750ml | K48: Xử lý bề mặt | L48: Phun tay | M48: Nhập khẩu | N48: 750 | O48: 800 | P48: 420000 | Q48: SPC | R48: 360000 | S48: 336000000 | T48: =R48*O48 -> 288000000 | U48: 0.05 | V48: 1. Thành phần: 0.3% Didecyldimethyl ammonium chloride, chất HĐBM, không chứa cồn 2. Mục đích sử dụng: Làm sạch và khử khuẩn bề mặt trang thiết bị y tế Tương thích với Polycarbonate, plexiglas. Đầu phun tạo bọt. Thời gian tiếp xúc: từ 2 phút 3. Hiệu quả diệt khuẩn theo EN 16615 (Enterococcus hirae, Pseudomonas aeruginosa, Staphylococcus aureus) Diệt virus theo tiêu chuẩn EN 14476 (Adenovirus, Norovirus Murine MNV) 4. Đạt tiêu chuẩn CE, ISO 13485, ISO 9001 Quy cách: Chai 750ml | W48: 6 | X48: =T48*W48/12 -> 144000000 | Y48: =VLOOKUP(Q48,'[3]DATA VALID'!M:O,3,FALSE) -> 0.1 | Z48: =(R48-VLOOKUP(J48,'[3]DATA VALID'!G:K,5,FALSE))/R48-Y48*1.24 -> 0.56480833 | AG48: =ROUNDUP(Table2[[#This Row],[ Số lượng trúng thầu ]]*Table2[[#This Row],[Số tháng phát sinh]]/12/Table2[[#This Row],[Số tháng phát sinh]],0) -> 67 | AH48: =ROUNDUP(Table2[[#This Row],[ Số lượng trúng thầu ]]*Table2[[#This Row],[Số tháng phát sinh]]/12/Table2[[#This Row],[Số tháng phát sinh]],0) -> 67 | AI48: =ROUNDUP(Table2[[#This Row],[ Số lượng trúng thầu ]]*Table2[[#This Row],[Số tháng phát sinh]]/12/Table2[[#This Row],[Số tháng phát sinh]],0) -> 67 | AJ48: =ROUNDUP(Table2[[#This Row],[ Số lượng trúng thầu ]]*Table2[[#This Row],[Số tháng phát sinh]]/12/Table2[[#This Row],[Số tháng phát sinh]],0) -> 67 | AK48: =ROUNDUP(Table2[[#This Row],[ Số lượng trúng thầu ]]*Table2[[#This Row],[Số tháng phát sinh]]/12/Table2[[#This Row],[Số tháng phát sinh]],0) -> 67 | AL48: =ROUNDUP(Table2[[#This Row],[ Số lượng trúng thầu ]]*Table2[[#This Row],[Số tháng phát sinh]]/12/Table2[[#This Row],[Số tháng phát sinh]],0) -> 67 | AM48: =ROUNDUP(Table2[[#This Row],[ Số lượng trúng thầu ]]*Table2[[#This Row],[Số tháng phát sinh]]/12/Table2[[#This Row],[Số tháng phát sinh]],0) -> 67 | AN48: =ROUNDUP(Table2[[#This Row],[ Số lượng trúng thầu ]]*Table2[[#This Row],[Số tháng phát sinh]]/12/Table2[[#This Row],[Số tháng phát sinh]],0) -> 67
A49: 9 | B49: 2025 | C49: KSNK | D49: MB | E49: Phạm Thị Huyền Châm | F49: IB2500207882 | G49: Bệnh Viện Phổi Trung Ương | H49: BORER | I49: deconex® TWIN ZYME xpert | J49: Exeol clean 4E 1L | K49: Xử lý dụng cụ | L49: Làm sạch và tiền KK | M49: Nhập khẩu | N49: 1000 | O49: 120 | P49: 1411100 | Q49: SPC | R49: 440000 | S49: 169332000 | T49: =R49*O49 -> 52800000 | U49: 0.03 | V49: Theo thông tin chi tiết tại Bảng danh mục hàng hóa dự thầu | W49: 6 | X49: =T49*W49/12 -> 26400000 | Y49: =VLOOKUP(Q49,'[3]DATA VALID'!M:O,3,FALSE) -> 0.1 | Z49: =(R49-VLOOKUP(J49,'[3]DATA VALID'!G:K,5,FALSE))/R49-Y49*1.24 -> 0.4049325 | AG49: =ROUNDUP(Table2[[#This Row],[ Số lượng trúng thầu ]]*Table2[[#This Row],[Số tháng phát sinh]]/12/Table2[[#This Row],[Số tháng phát sinh]],0) -> 10 | AH49: =ROUNDUP(Table2[[#This Row],[ Số lượng trúng thầu ]]*Table2[[#This Row],[Số tháng phát sinh]]/12/Table2[[#This Row],[Số tháng phát sinh]],0) -> 10 | AI49: =ROUNDUP(Table2[[#This Row],[ Số lượng trúng thầu ]]*Table2[[#This Row],[Số tháng phát sinh]]/12/Table2[[#This Row],[Số tháng phát sinh]],0) -> 10 | AJ49: =ROUNDUP(Table2[[#This Row],[ Số lượng trúng thầu ]]*Table2[[#This Row],[Số tháng phát sinh]]/12/Table2[[#This Row],[Số tháng phát sinh]],0) -> 10 | AK49: =ROUNDUP(Table2[[#This Row],[ Số lượng trúng thầu ]]*Table2[[#This Row],[Số tháng phát sinh]]/12/Table2[[#This Row],[Số tháng phát sinh]],0) -> 10 | AL49: =ROUNDUP(Table2[[#This Row],[ Số lượng trúng thầu ]]*Table2[[#This Row],[Số tháng phát sinh]]/12/Table2[[#This Row],[Số tháng phát sinh]],0) -> 10 | AM49: =ROUNDUP(Table2[[#This Row],[ Số lượng trúng thầu ]]*Table2[[#This Row],[Số tháng phát sinh]]/12/Table2[[#This Row],[Số tháng phát sinh]],0) -> 10 | AN49: =ROUNDUP(Table2[[#This Row],[ Số lượng trúng thầu ]]*Table2[[#This Row],[Số tháng phát sinh]]/12/Table2[[#This Row],[Số tháng phát sinh]],0) -> 10
A50: 9 | B50: 2025 | C50: KSNK | D50: MB | E50: Hứa Thùy Linh | F50: IB2500263280 | G50: Bệnh Viện Tim Hà Nội | H50: Asp | I50: CIDEX OPA | J50: Exeol OPA 5L | K50: Xử lý dụng cụ | L50: KK mức độ cao | M50: Nhập khẩu | N50: 3780 | O50: 200 | P50: 916000 | Q50: SPC | R50: 980000 | S50: 183200000 | T50: =R50*O50 -> 196000000 | U50: 0.09 | V50: - Dung dịch khử khuẩn mức độ cao, thành phần ORTHO-PHTHALADEHYDE 0,55%, Benzotriazole 0,01% và các thành phần khác; PH 7.2 - 7.8 - Thời gian ngâm khử khuẩn mức độ cao cho dụng cụ là 5 phút, tái sử dụng trong vòng 14 ngày. Thời gian bảo quản dung dịch trong can là 75 ngày tính từ khi mở nắp. - Không gây ăn mòn dụng cụ, tương thích với nhiều loại dụng cụ và vật liệu (kể cả Polystyrene, Cyanoacrylate). Tương thích với dụng cụ của các hãng sản xuất dụng cụ nội soi (Olympus, Pentax, Karl Storz,...) - Diệt được hầu hết các loại vi khuẩn, vi rút, Trực khuẩn lao (Mycobacterium bovis) theo các tiêu chuẩn: EN 13727, EN 14561, EN 13624, EN 14562, EN 14348, EN 14563, EN 14476 - Môi trường sử dụng không cần thông khí đặc biệt. Có thể dùng cho quy trình xử lý bằng tay và bằng máy. - Cam kết cung cấp test thử đi kèm đảm bảo quy trình test hàng ngày - Đạt các tiêu chuẩn: EC, ISO, CFS Đức, Thụy Sỹ | W50: 6 | X50: =T50*W50/12 -> 98000000 | Y50: =VLOOKUP(Q50,'[3]DATA VALID'!M:O,3,FALSE) -> 0.1 | Z50: =(R50-VLOOKUP(J50,'[3]DATA VALID'!G:K,5,FALSE))/R50-Y50*1.24 -> 0.3777949 | AG50: =ROUNDUP(Table2[[#This Row],[ Số lượng trúng thầu ]]*Table2[[#This Row],[Số tháng phát sinh]]/12/Table2[[#This Row],[Số tháng phát sinh]],0) -> 17 | AH50: =ROUNDUP(Table2[[#This Row],[ Số lượng trúng thầu ]]*Table2[[#This Row],[Số tháng phát sinh]]/12/Table2[[#This Row],[Số tháng phát sinh]],0) -> 17 | AI50: =ROUNDUP(Table2[[#This Row],[ Số lượng trúng thầu ]]*Table2[[#This Row],[Số tháng phát sinh]]/12/Table2[[#This Row],[Số tháng phát sinh]],0) -> 17 | AJ50: =ROUNDUP(Table2[[#This Row],[ Số lượng trúng thầu ]]*Table2[[#This Row],[Số tháng phát sinh]]/12/Table2[[#This Row],[Số tháng phát sinh]],0) -> 17 | AK50: =ROUNDUP(Table2[[#This Row],[ Số lượng trúng thầu ]]*Table2[[#This Row],[Số tháng phát sinh]]/12/Table2[[#This Row],[Số tháng phát sinh]],0) -> 17 | AL50: =ROUNDUP(Table2[[#This Row],[ Số lượng trúng thầu ]]*Table2[[#This Row],[Số tháng phát sinh]]/12/Table2[[#This Row],[Số tháng phát sinh]],0) -> 17 | AM50: =ROUNDUP(Table2[[#This Row],[ Số lượng trúng thầu ]]*Table2[[#This Row],[Số tháng phát sinh]]/12/Table2[[#This Row],[Số tháng phát sinh]],0) -> 17 | AN50: =ROUNDUP(Table2[[#This Row],[ Số lượng trúng thầu ]]*Table2[[#This Row],[Số tháng phát sinh]]/12/Table2[[#This Row],[Số tháng phát sinh]],0) -> 17
A51: 9 | B51: 2025 | C51: KSNK | D51: MB | E51: Hứa Thùy Linh | F51: IB2500263280 | G51: Bệnh Viện Tim Hà Nội | H51: ASP | I51: Cidezyme | J51: Exeol clean 4E 1L | K51: Xử lý dụng cụ | L51: Làm sạch và tiền KK | M51: Nhập khẩu | N51: 1000 | O51: 605 | P51: 568008 | Q51: SPC | R51: 440000 | S51: 343644840 | T51: =R51*O51 -> 266200000 | U51: 0.16 | V51: Dung dịch ngâm tẩy rửa dụng cụ hoạt tính enzyme: - Thành phần: protease subtilisin 0,5%, chất hoạt động bề mặt lưỡng tính, chất ổn định chống ăn mòn và các thành phần khác, hiệu quả nhanh sau 1 phút. - PH trung tính: 7.8-8.8, không gây ăn mòn dụng cụ - Ít bọt, hương bạc hà dễ chịu, át được mùi của dụng cụ bẩn, không gây kích ứng. - Tương thích với nhiều loại dụng cụ, vật liệu phi kim loại (Silicone, cao su, PTFE, Polyurethane) và kim loại (thép không gỉ, nhôm) - Đạt các tiêu chuẩn: EC | W51: 6 | X51: =T51*W51/12 -> 133100000 | Y51: =VLOOKUP(Q51,'[3]DATA VALID'!M:O,3,FALSE) -> 0.1 | Z51: =(R51-VLOOKUP(J51,'[3]DATA VALID'!G:K,5,FALSE))/R51-Y51*1.24 -> 0.4049325 | AG51: =ROUNDUP(Table2[[#This Row],[ Số lượng trúng thầu ]]*Table2[[#This Row],[Số tháng phát sinh]]/12/Table2[[#This Row],[Số tháng phát sinh]],0) -> 51 | AH51: =ROUNDUP(Table2[[#This Row],[ Số lượng trúng thầu ]]*Table2[[#This Row],[Số tháng phát sinh]]/12/Table2[[#This Row],[Số tháng phát sinh]],0) -> 51 | AI51: =ROUNDUP(Table2[[#This Row],[ Số lượng trúng thầu ]]*Table2[[#This Row],[Số tháng phát sinh]]/12/Table2[[#This Row],[Số tháng phát sinh]],0) -> 51 | AJ51: =ROUNDUP(Table2[[#This Row],[ Số lượng trúng thầu ]]*Table2[[#This Row],[Số tháng phát sinh]]/12/Table2[[#This Row],[Số tháng phát sinh]],0) -> 51 | AK51: =ROUNDUP(Table2[[#This Row],[ Số lượng trúng thầu ]]*Table2[[#This Row],[Số tháng phát sinh]]/12/Table2[[#This Row],[Số tháng phát sinh]],0) -> 51 | AL51: =ROUNDUP(Table2[[#This Row],[ Số lượng trúng thầu ]]*Table2[[#This Row],[Số tháng phát sinh]]/12/Table2[[#This Row],[Số tháng phát sinh]],0) -> 51 | AM51: =ROUNDUP(Table2[[#This Row],[ Số lượng trúng thầu ]]*Table2[[#This Row],[Số tháng phát sinh]]/12/Table2[[#This Row],[Số tháng phát sinh]],0) -> 51 | AN51: =ROUNDUP(Table2[[#This Row],[ Số lượng trúng thầu ]]*Table2[[#This Row],[Số tháng phát sinh]]/12/Table2[[#This Row],[Số tháng phát sinh]],0) -> 51
A52: 9 | B52: 2025 | C52: KSNK | D52: MB | E52: Hứa Thùy Linh | F52: IB2500263280 | G52: Bệnh Viện Tim Hà Nội | H52: Anios | I52: Surfa'Safe Premium | J52: Exeol surf optimal 750ml | K52: Xử lý bề mặt | L52: Phun tay | M52: Nhập khẩu | N52: 1000 | O52: 795 | P52: 395500 | Q52: SPC | R52: 360000 | S52: 314422500 | T52: =R52*O52 -> 286200000 | U52: 0.15 | V52: Tham chiếu tại "Bảng danh mục hàng hóa dự thầu" | W52: 6 | X52: =T52*W52/12 -> 143100000 | Y52: =VLOOKUP(Q52,'[3]DATA VALID'!M:O,3,FALSE) -> 0.1 | Z52: =(R52-VLOOKUP(J52,'[3]DATA VALID'!G:K,5,FALSE))/R52-Y52*1.24 -> 0.56480833 | AG52: =ROUNDUP(Table2[[#This Row],[ Số lượng trúng thầu ]]*Table2[[#This Row],[Số tháng phát sinh]]/12/Table2[[#This Row],[Số tháng phát sinh]],0) -> 67 | AH52: =ROUNDUP(Table2[[#This Row],[ Số lượng trúng thầu ]]*Table2[[#This Row],[Số tháng phát sinh]]/12/Table2[[#This Row],[Số tháng phát sinh]],0) -> 67 | AI52: =ROUNDUP(Table2[[#This Row],[ Số lượng trúng thầu ]]*Table2[[#This Row],[Số tháng phát sinh]]/12/Table2[[#This Row],[Số tháng phát sinh]],0) -> 67 | AJ52: =ROUNDUP(Table2[[#This Row],[ Số lượng trúng thầu ]]*Table2[[#This Row],[Số tháng phát sinh]]/12/Table2[[#This Row],[Số tháng phát sinh]],0) -> 67 | AK52: =ROUNDUP(Table2[[#This Row],[ Số lượng trúng thầu ]]*Table2[[#This Row],[Số tháng phát sinh]]/12/Table2[[#This Row],[Số tháng phát sinh]],0) -> 67 | AL52: =ROUNDUP(Table2[[#This Row],[ Số lượng trúng thầu ]]*Table2[[#This Row],[Số tháng phát sinh]]/12/Table2[[#This Row],[Số tháng phát sinh]],0) -> 67 | AM52: =ROUNDUP(Table2[[#This Row],[ Số lượng trúng thầu ]]*Table2[[#This Row],[Số tháng phát sinh]]/12/Table2[[#This Row],[Số tháng phát sinh]],0) -> 67 | AN52: =ROUNDUP(Table2[[#This Row],[ Số lượng trúng thầu ]]*Table2[[#This Row],[Số tháng phát sinh]]/12/Table2[[#This Row],[Số tháng phát sinh]],0) -> 67
A53: 9 | B53: 2025 | C53: KSNK | D53: MN | E53: Nguyễn Thị Xuân Hồng | F53: IB2500370002 | G53: Bệnh viện đa khoa Khu Vực Củ Chi | H53: Anios | I53: Anios’Clean Excel D | J53: Exeol sept first 5L | K53: Xử lý dụng cụ | L53: Làm sạch và tiền KK | M53: Nhập khẩu | N53: 5000 | O53: 75 | P53: 1748240 | Q53: SPC | R53: 1450000 | S53: 131118000 | T53: =R53*O53 -> 108750000 | U53: 0.74 | W53: 6 | X53: =T53*W53/12 -> 54375000 | Y53: =VLOOKUP(Q53,'[3]DATA VALID'!M:O,3,FALSE) -> 0.1 | Z53: =(R53-VLOOKUP(J53,'[3]DATA VALID'!G:K,5,FALSE))/R53-Y53*1.24 -> 0.45095172 | AG53: =ROUNDUP(Table2[[#This Row],[ Số lượng trúng thầu ]]*Table2[[#This Row],[Số tháng phát sinh]]/12/Table2[[#This Row],[Số tháng phát sinh]],0) -> 7 | AH53: =ROUNDUP(Table2[[#This Row],[ Số lượng trúng thầu ]]*Table2[[#This Row],[Số tháng phát sinh]]/12/Table2[[#This Row],[Số tháng phát sinh]],0) -> 7 | AI53: =ROUNDUP(Table2[[#This Row],[ Số lượng trúng thầu ]]*Table2[[#This Row],[Số tháng phát sinh]]/12/Table2[[#This Row],[Số tháng phát sinh]],0) -> 7 | AJ53: =ROUNDUP(Table2[[#This Row],[ Số lượng trúng thầu ]]*Table2[[#This Row],[Số tháng phát sinh]]/12/Table2[[#This Row],[Số tháng phát sinh]],0) -> 7 | AK53: =ROUNDUP(Table2[[#This Row],[ Số lượng trúng thầu ]]*Table2[[#This Row],[Số tháng phát sinh]]/12/Table2[[#This Row],[Số tháng phát sinh]],0) -> 7 | AL53: =ROUNDUP(Table2[[#This Row],[ Số lượng trúng thầu ]]*Table2[[#This Row],[Số tháng phát sinh]]/12/Table2[[#This Row],[Số tháng phát sinh]],0) -> 7 | AM53: =ROUNDUP(Table2[[#This Row],[ Số lượng trúng thầu ]]*Table2[[#This Row],[Số tháng phát sinh]]/12/Table2[[#This Row],[Số tháng phát sinh]],0) -> 7 | AN53: =ROUNDUP(Table2[[#This Row],[ Số lượng trúng thầu ]]*Table2[[#This Row],[Số tháng phát sinh]]/12/Table2[[#This Row],[Số tháng phát sinh]],0) -> 7
A54: 7 | B54: 2025 | C54: KSNK | D54: MB | E54: Nguyễn Thị Tình | F54: IB2500234416 | G54: Bệnh viện Phụ Sản Hà Nội | H54: Anios | I54: Wip'Anios Excel | J54: =VLOOKUP(I54,'[3]DATA VALID'!A:B,2,FALSE) -> Exeol wipe optimal | K54: Xử lý bề mặt | L54: Khăn lau | M54: Nhập khẩu | N54: 100 | O54: 1100 | P54: 310000 | Q54: SPC | R54: 245000 | S54: 341000000 | T54: =R54*O54 -> 269500000 | U54: 1 | W54: 8 | X54: =T54*W54/12 -> 1.7966667e+08 | Y54: =VLOOKUP(Q54,'[3]DATA VALID'!M:O,3,FALSE) -> 0.1 | Z54: =(R54-VLOOKUP(J54,'[3]DATA VALID'!G:K,5,FALSE))/R54-Y54*1.24 -> 0.36423429 | AE54: =ROUNDUP(Table2[[#This Row],[ Số lượng trúng thầu ]]*Table2[[#This Row],[Số tháng phát sinh]]/12/9,0) -> 82 | AF54: =ROUNDUP(Table2[[#This Row],[ Số lượng trúng thầu ]]*Table2[[#This Row],[Số tháng phát sinh]]/12/9,0) -> 82 | AG54: =ROUNDUP(Table2[[#This Row],[ Số lượng trúng thầu ]]*Table2[[#This Row],[Số tháng phát sinh]]/12/9,0) -> 82 | AH54: =ROUNDUP(Table2[[#This Row],[ Số lượng trúng thầu ]]*Table2[[#This Row],[Số tháng phát sinh]]/12/9,0) -> 82 | AI54: =ROUNDUP(Table2[[#This Row],[ Số lượng trúng thầu ]]*Table2[[#This Row],[Số tháng phát sinh]]/12/9,0) -> 82 | AJ54: =ROUNDUP(Table2[[#This Row],[ Số lượng trúng thầu ]]*Table2[[#This Row],[Số tháng phát sinh]]/12/9,0) -> 82 | AK54: =ROUNDUP(Table2[[#This Row],[ Số lượng trúng thầu ]]*Table2[[#This Row],[Số tháng phát sinh]]/12/9,0) -> 82 | AL54: =ROUNDUP(Table2[[#This Row],[ Số lượng trúng thầu ]]*Table2[[#This Row],[Số tháng phát sinh]]/12/9,0) -> 82 | ... AN54: =ROUNDUP(Table2[[#This Row],[ Số lượng trúng thầu ]]*Table2[[#This Row],[Số tháng phát sinh]]/12/9,0) -> 82
A55: 9 | B55: 2025 | C55: KSNK | D55: MB | E55: Hứa Thùy Linh | F55: IB2500356023 | G55: Viện Y học cổ truyền Quân đội | H55: Anios | I55: Steranios 2% | J55: Exeol GTA 2% 5L | K55: Xử lý dụng cụ | L55: KK mức độ cao | M55: Nhập khẩu | N55: 5000 | O55: 10 | P55: 571800 | Q55: SPC | R55: 428925 | S55: 5718000 | T55: =R55*O55 -> 4289250 | U55: 0.02 | V55: Chi tiết như Bảng danh mục hàng hóa dự thầu và Bảng chào đáp ứng kỹ thuật đính kèm E-HSDT | W55: 6 | X55: =T55*W55/12 -> 2144625 | Y55: =VLOOKUP(Q55,'[3]DATA VALID'!M:O,3,FALSE) -> 0.1 | Z55: =(R55-VLOOKUP(J55,'[3]DATA VALID'!G:K,5,FALSE))/R55-Y55*1.24 -> 0.4292156 | AG55: =ROUNDUP(Table2[[#This Row],[ Số lượng trúng thầu ]]*Table2[[#This Row],[Số tháng phát sinh]]/12/Table2[[#This Row],[Số tháng phát sinh]],0) -> 1 | AH55: =ROUNDUP(Table2[[#This Row],[ Số lượng trúng thầu ]]*Table2[[#This Row],[Số tháng phát sinh]]/12/Table2[[#This Row],[Số tháng phát sinh]],0) -> 1 | AI55: =ROUNDUP(Table2[[#This Row],[ Số lượng trúng thầu ]]*Table2[[#This Row],[Số tháng phát sinh]]/12/Table2[[#This Row],[Số tháng phát sinh]],0) -> 1 | AJ55: =ROUNDUP(Table2[[#This Row],[ Số lượng trúng thầu ]]*Table2[[#This Row],[Số tháng phát sinh]]/12/Table2[[#This Row],[Số tháng phát sinh]],0) -> 1 | AK55: =ROUNDUP(Table2[[#This Row],[ Số lượng trúng thầu ]]*Table2[[#This Row],[Số tháng phát sinh]]/12/Table2[[#This Row],[Số tháng phát sinh]],0) -> 1 | AL55: =ROUNDUP(Table2[[#This Row],[ Số lượng trúng thầu ]]*Table2[[#This Row],[Số tháng phát sinh]]/12/Table2[[#This Row],[Số tháng phát sinh]],0) -> 1 | AM55: =ROUNDUP(Table2[[#This Row],[ Số lượng trúng thầu ]]*Table2[[#This Row],[Số tháng phát sinh]]/12/Table2[[#This Row],[Số tháng phát sinh]],0) -> 1 | AN55: =ROUNDUP(Table2[[#This Row],[ Số lượng trúng thầu ]]*Table2[[#This Row],[Số tháng phát sinh]]/12/Table2[[#This Row],[Số tháng phát sinh]],0) -> 1
A56: 9 | B56: 2025 | C56: KSNK | D56: MB | E56: Hứa Thùy Linh | F56: IB2500356023 | G56: Viện Y học cổ truyền Quân đội | H56: Anios | I56: Opaster'Anios | J56: Exeol OPA 5L | K56: Xử lý dụng cụ | L56: KK mức độ cao | M56: Nhập khẩu | N56: 5000 | O56: 60 | P56: 1348000 | Q56: SPC | R56: 980000 | S56: 80880000 | T56: =R56*O56 -> 58800000 | U56: 0.24 | V56: Chi tiết như Bảng danh mục hàng hóa dự thầu và Bảng chào đáp ứng kỹ thuật đính kèm E-HSDT | W56: 6 | X56: =T56*W56/12 -> 29400000 | Y56: =VLOOKUP(Q56,'[3]DATA VALID'!M:O,3,FALSE) -> 0.1 | Z56: =(R56-VLOOKUP(J56,'[3]DATA VALID'!G:K,5,FALSE))/R56-Y56*1.24 -> 0.3777949 | AG56: =ROUNDUP(Table2[[#This Row],[ Số lượng trúng thầu ]]*Table2[[#This Row],[Số tháng phát sinh]]/12/Table2[[#This Row],[Số tháng phát sinh]],0) -> 5 | AH56: =ROUNDUP(Table2[[#This Row],[ Số lượng trúng thầu ]]*Table2[[#This Row],[Số tháng phát sinh]]/12/Table2[[#This Row],[Số tháng phát sinh]],0) -> 5 | AI56: =ROUNDUP(Table2[[#This Row],[ Số lượng trúng thầu ]]*Table2[[#This Row],[Số tháng phát sinh]]/12/Table2[[#This Row],[Số tháng phát sinh]],0) -> 5 | AJ56: =ROUNDUP(Table2[[#This Row],[ Số lượng trúng thầu ]]*Table2[[#This Row],[Số tháng phát sinh]]/12/Table2[[#This Row],[Số tháng phát sinh]],0) -> 5 | AK56: =ROUNDUP(Table2[[#This Row],[ Số lượng trúng thầu ]]*Table2[[#This Row],[Số tháng phát sinh]]/12/Table2[[#This Row],[Số tháng phát sinh]],0) -> 5 | AL56: =ROUNDUP(Table2[[#This Row],[ Số lượng trúng thầu ]]*Table2[[#This Row],[Số tháng phát sinh]]/12/Table2[[#This Row],[Số tháng phát sinh]],0) -> 5 | AM56: =ROUNDUP(Table2[[#This Row],[ Số lượng trúng thầu ]]*Table2[[#This Row],[Số tháng phát sinh]]/12/Table2[[#This Row],[Số tháng phát sinh]],0) -> 5 | AN56: =ROUNDUP(Table2[[#This Row],[ Số lượng trúng thầu ]]*Table2[[#This Row],[Số tháng phát sinh]]/12/Table2[[#This Row],[Số tháng phát sinh]],0) -> 5
A57: 9 | B57: 2025 | C57: KSNK | D57: MB | E57: Hứa Thùy Linh | F57: IB2500356023 | G57: Viện Y học cổ truyền Quân đội | H57: Anios | I57: Aniosyme Synergy 5 | J57: Exeol clean 4E 1L | K57: Xử lý dụng cụ | L57: Làm sạch và tiền KK | M57: Nhập khẩu | N57: 1000 | O57: 50 | P57: 627000 | Q57: SPC | R57: 440000 | S57: 31350000 | T57: =R57*O57 -> 22000000 | U57: 0.09 | V57: Chi tiết như Bảng danh mục hàng hóa dự thầu và Bảng chào đáp ứng kỹ thuật đính kèm E-HSDT | W57: 6 | X57: =T57*W57/12 -> 11000000 | Y57: =VLOOKUP(Q57,'[3]DATA VALID'!M:O,3,FALSE) -> 0.1 | Z57: =(R57-VLOOKUP(J57,'[3]DATA VALID'!G:K,5,FALSE))/R57-Y57*1.24 -> 0.4049325 | AG57: =ROUNDUP(Table2[[#This Row],[ Số lượng trúng thầu ]]*Table2[[#This Row],[Số tháng phát sinh]]/12/Table2[[#This Row],[Số tháng phát sinh]],0) -> 5 | AH57: =ROUNDUP(Table2[[#This Row],[ Số lượng trúng thầu ]]*Table2[[#This Row],[Số tháng phát sinh]]/12/Table2[[#This Row],[Số tháng phát sinh]],0) -> 5 | AI57: =ROUNDUP(Table2[[#This Row],[ Số lượng trúng thầu ]]*Table2[[#This Row],[Số tháng phát sinh]]/12/Table2[[#This Row],[Số tháng phát sinh]],0) -> 5 | AJ57: =ROUNDUP(Table2[[#This Row],[ Số lượng trúng thầu ]]*Table2[[#This Row],[Số tháng phát sinh]]/12/Table2[[#This Row],[Số tháng phát sinh]],0) -> 5 | AK57: =ROUNDUP(Table2[[#This Row],[ Số lượng trúng thầu ]]*Table2[[#This Row],[Số tháng phát sinh]]/12/Table2[[#This Row],[Số tháng phát sinh]],0) -> 5 | AL57: =ROUNDUP(Table2[[#This Row],[ Số lượng trúng thầu ]]*Table2[[#This Row],[Số tháng phát sinh]]/12/Table2[[#This Row],[Số tháng phát sinh]],0) -> 5 | AM57: =ROUNDUP(Table2[[#This Row],[ Số lượng trúng thầu ]]*Table2[[#This Row],[Số tháng phát sinh]]/12/Table2[[#This Row],[Số tháng phát sinh]],0) -> 5 | AN57: =ROUNDUP(Table2[[#This Row],[ Số lượng trúng thầu ]]*Table2[[#This Row],[Số tháng phát sinh]]/12/Table2[[#This Row],[Số tháng phát sinh]],0) -> 5
A58: 9 | B58: 2025 | C58: KSNK | D58: MB | E58: Hứa Thùy Linh | F58: IB2500356023 | G58: Viện Y học cổ truyền Quân đội | H58: Bbraun | I58: Meliseptol® rapid | J58: Exeol surf 30 1L | K58: Xử lý bề mặt | L58: Phun tay | M58: Nhập khẩu | N58: 1000 | O58: 5 | P58: 397000 | Q58: SPC | R58: 260000 | S58: 1985000 | T58: =R58*O58 -> 1300000 | U58: 0.01 | V58: Chi tiết như Bảng danh mục hàng hóa dự thầu và Bảng chào đáp ứng kỹ thuật đính kèm E-HSDT | W58: 6 | X58: =T58*W58/12 -> 650000 | Y58: =VLOOKUP(Q58,'[3]DATA VALID'!M:O,3,FALSE) -> 0.1 | Z58: =(R58-VLOOKUP(J58,'[3]DATA VALID'!G:K,5,FALSE))/R58-Y58*1.24 -> 0.39375923 | AG58: =ROUNDUP(Table2[[#This Row],[ Số lượng trúng thầu ]]*Table2[[#This Row],[Số tháng phát sinh]]/12/Table2[[#This Row],[Số tháng phát sinh]],0) -> 1 | AH58: =ROUNDUP(Table2[[#This Row],[ Số lượng trúng thầu ]]*Table2[[#This Row],[Số tháng phát sinh]]/12/Table2[[#This Row],[Số tháng phát sinh]],0) -> 1 | AI58: =ROUNDUP(Table2[[#This Row],[ Số lượng trúng thầu ]]*Table2[[#This Row],[Số tháng phát sinh]]/12/Table2[[#This Row],[Số tháng phát sinh]],0) -> 1 | AJ58: =ROUNDUP(Table2[[#This Row],[ Số lượng trúng thầu ]]*Table2[[#This Row],[Số tháng phát sinh]]/12/Table2[[#This Row],[Số tháng phát sinh]],0) -> 1 | AK58: =ROUNDUP(Table2[[#This Row],[ Số lượng trúng thầu ]]*Table2[[#This Row],[Số tháng phát sinh]]/12/Table2[[#This Row],[Số tháng phát sinh]],0) -> 1 | AL58: =ROUNDUP(Table2[[#This Row],[ Số lượng trúng thầu ]]*Table2[[#This Row],[Số tháng phát sinh]]/12/Table2[[#This Row],[Số tháng phát sinh]],0) -> 1 | AM58: =ROUNDUP(Table2[[#This Row],[ Số lượng trúng thầu ]]*Table2[[#This Row],[Số tháng phát sinh]]/12/Table2[[#This Row],[Số tháng phát sinh]],0) -> 1 | AN58: =ROUNDUP(Table2[[#This Row],[ Số lượng trúng thầu ]]*Table2[[#This Row],[Số tháng phát sinh]]/12/Table2[[#This Row],[Số tháng phát sinh]],0) -> 1
A59: 9 | B59: 2025 | C59: KSNK | D59: MB | E59: Hứa Thùy Linh | F59: IB2500368929 | G59: Bệnh viện đa khoa Phú Xuyên | H59: Anios | I59: Opaster'Anios | J59: Exeol OPA 5L | K59: Xử lý dụng cụ | L59: KK mức độ cao | M59: Nhập khẩu | N59: 1000 | O59: 500 | P59: 240000 | Q59: SPC | R59: =980000/5 -> 196000 | S59: 120000000 | T59: =R59*O59 -> 98000000 | U59: 0.51 | V59: Theo quy định tại Chương V. | W59: 6 | X59: =T59*W59/12 -> 49000000 | Y59: =VLOOKUP(Q59,'[3]DATA VALID'!M:O,3,FALSE) -> 0.1 | Z59: =(R59*5-VLOOKUP(J59,'[3]DATA VALID'!G:K,5,FALSE))/(R59*5)-Y59*1.24 -> 0.3777949 | AG59: =ROUNDUP(Table2[[#This Row],[ Số lượng trúng thầu ]]*Table2[[#This Row],[Số tháng phát sinh]]/12/Table2[[#This Row],[Số tháng phát sinh]],0) -> 42 | AH59: =ROUNDUP(Table2[[#This Row],[ Số lượng trúng thầu ]]*Table2[[#This Row],[Số tháng phát sinh]]/12/Table2[[#This Row],[Số tháng phát sinh]],0) -> 42 | AI59: =ROUNDUP(Table2[[#This Row],[ Số lượng trúng thầu ]]*Table2[[#This Row],[Số tháng phát sinh]]/12/Table2[[#This Row],[Số tháng phát sinh]],0) -> 42 | AJ59: =ROUNDUP(Table2[[#This Row],[ Số lượng trúng thầu ]]*Table2[[#This Row],[Số tháng phát sinh]]/12/Table2[[#This Row],[Số tháng phát sinh]],0) -> 42 | AK59: =ROUNDUP(Table2[[#This Row],[ Số lượng trúng thầu ]]*Table2[[#This Row],[Số tháng phát sinh]]/12/Table2[[#This Row],[Số tháng phát sinh]],0) -> 42 | AL59: =ROUNDUP(Table2[[#This Row],[ Số lượng trúng thầu ]]*Table2[[#This Row],[Số tháng phát sinh]]/12/Table2[[#This Row],[Số tháng phát sinh]],0) -> 42 | AM59: =ROUNDUP(Table2[[#This Row],[ Số lượng trúng thầu ]]*Table2[[#This Row],[Số tháng phát sinh]]/12/Table2[[#This Row],[Số tháng phát sinh]],0) -> 42 | AN59: =ROUNDUP(Table2[[#This Row],[ Số lượng trúng thầu ]]*Table2[[#This Row],[Số tháng phát sinh]]/12/Table2[[#This Row],[Số tháng phát sinh]],0) -> 42
A60: 9 | B60: 2025 | C60: KSNK | D60: MB | E60: Hứa Thùy Linh | F60: IB2500368929 | G60: Bệnh viện đa khoa Phú Xuyên | H60: Anios | I60: STERANIOS 2% | J60: Exeol GTA 2% 5L | K60: Xử lý dụng cụ | L60: KK mức độ cao | M60: Nhập khẩu | N60: 1000 | O60: 100 | P60: 95000 | Q60: SPC | R60: =428925/5 -> 85785 | S60: 9500000 | T60: =R60*O60 -> 8578500 | U60: 0.04 | V60: Theo quy định tại Chương V. | W60: 6 | X60: =T60*W60/12 -> 4289250 | Y60: =VLOOKUP(Q60,'[3]DATA VALID'!M:O,3,FALSE) -> 0.1 | Z60: =(R60*5-VLOOKUP(J60,'[3]DATA VALID'!G:K,5,FALSE))/(R60*5)-Y60*1.24 -> 0.4292156 | AG60: =ROUNDUP(Table2[[#This Row],[ Số lượng trúng thầu ]]*Table2[[#This Row],[Số tháng phát sinh]]/12/Table2[[#This Row],[Số tháng phát sinh]],0) -> 9 | AH60: =ROUNDUP(Table2[[#This Row],[ Số lượng trúng thầu ]]*Table2[[#This Row],[Số tháng phát sinh]]/12/Table2[[#This Row],[Số tháng phát sinh]],0) -> 9 | AI60: =ROUNDUP(Table2[[#This Row],[ Số lượng trúng thầu ]]*Table2[[#This Row],[Số tháng phát sinh]]/12/Table2[[#This Row],[Số tháng phát sinh]],0) -> 9 | AJ60: =ROUNDUP(Table2[[#This Row],[ Số lượng trúng thầu ]]*Table2[[#This Row],[Số tháng phát sinh]]/12/Table2[[#This Row],[Số tháng phát sinh]],0) -> 9 | AK60: =ROUNDUP(Table2[[#This Row],[ Số lượng trúng thầu ]]*Table2[[#This Row],[Số tháng phát sinh]]/12/Table2[[#This Row],[Số tháng phát sinh]],0) -> 9 | AL60: =ROUNDUP(Table2[[#This Row],[ Số lượng trúng thầu ]]*Table2[[#This Row],[Số tháng phát sinh]]/12/Table2[[#This Row],[Số tháng phát sinh]],0) -> 9 | AM60: =ROUNDUP(Table2[[#This Row],[ Số lượng trúng thầu ]]*Table2[[#This Row],[Số tháng phát sinh]]/12/Table2[[#This Row],[Số tháng phát sinh]],0) -> 9 | AN60: =ROUNDUP(Table2[[#This Row],[ Số lượng trúng thầu ]]*Table2[[#This Row],[Số tháng phát sinh]]/12/Table2[[#This Row],[Số tháng phát sinh]],0) -> 9
A61: 9 | B61: 2025 | C61: KSNK | D61: MB | E61: Hứa Thùy Linh | F61: IB2500403792 | G61: BỆNH VIỆN PHỤ SẢN TRUNG ƯƠNG | H61: Bbraun | I61: Stabimed Fresh | J61: Exeol sept first 5L | K61: Xử lý dụng cụ | L61: Làm sạch và tiền KK | M61: Nhập khẩu | N61: 5000 | O61: 450 | P61: 2254980 | Q61: SPC | R61: 1450000 | S61: 1014741000 | T61: =R61*O61 -> 652500000 | U61: 0.44 | V61: Dung dịch khử khuẩn và làm sạch dụng cụ y tế - Thành phần: chứa Cocopropylene Diamine nồng độ ~20% kl/kl; - Nhiệt độ bảo quản: Nhiệt độ thường. - Sản xuất đạt tiêu chuẩn chất lượng ISO 13485 đạt tiêu chuẩn CE | W61: 6 | X61: =T61*W61/12 -> 326250000 | Y61: =VLOOKUP(Q61,'[3]DATA VALID'!M:O,3,FALSE) -> 0.1 | Z61: =(R61-VLOOKUP(J61,'[3]DATA VALID'!G:K,5,FALSE))/R61-Y61*1.24 -> 0.45095172 | AG61: =ROUNDUP(Table2[[#This Row],[ Số lượng trúng thầu ]]*Table2[[#This Row],[Số tháng phát sinh]]/12/Table2[[#This Row],[Số tháng phát sinh]],0) -> 38 | AH61: =ROUNDUP(Table2[[#This Row],[ Số lượng trúng thầu ]]*Table2[[#This Row],[Số tháng phát sinh]]/12/Table2[[#This Row],[Số tháng phát sinh]],0) -> 38 | AI61: =ROUNDUP(Table2[[#This Row],[ Số lượng trúng thầu ]]*Table2[[#This Row],[Số tháng phát sinh]]/12/Table2[[#This Row],[Số tháng phát sinh]],0) -> 38 | AJ61: =ROUNDUP(Table2[[#This Row],[ Số lượng trúng thầu ]]*Table2[[#This Row],[Số tháng phát sinh]]/12/Table2[[#This Row],[Số tháng phát sinh]],0) -> 38 | AK61: =ROUNDUP(Table2[[#This Row],[ Số lượng trúng thầu ]]*Table2[[#This Row],[Số tháng phát sinh]]/12/Table2[[#This Row],[Số tháng phát sinh]],0) -> 38 | AL61: =ROUNDUP(Table2[[#This Row],[ Số lượng trúng thầu ]]*Table2[[#This Row],[Số tháng phát sinh]]/12/Table2[[#This Row],[Số tháng phát sinh]],0) -> 38 | AM61: =ROUNDUP(Table2[[#This Row],[ Số lượng trúng thầu ]]*Table2[[#This Row],[Số tháng phát sinh]]/12/Table2[[#This Row],[Số tháng phát sinh]],0) -> 38 | AN61: =ROUNDUP(Table2[[#This Row],[ Số lượng trúng thầu ]]*Table2[[#This Row],[Số tháng phát sinh]]/12/Table2[[#This Row],[Số tháng phát sinh]],0) -> 38
A62: 9 | B62: 2025 | C62: KSNK | D62: MN | E62: Huỳnh Thị Thùy Linh | F62: IB2500129858 | G62: Bệnh viện quân y 120 | H62: Anios | I62: Aniosyme X3 | J62: Exeol sept 2E 1L | K62: Xử lý dụng cụ | L62: Làm sạch và tiền KK | M62: Nhập khẩu | N62: 1000 | O62: 350 | P62: 537600 | Q62: SPC | R62: 530000 | S62: 188160000 | T62: =R62*O62 -> 185500000 | U62: 0.21 | V62: Thành phần: Quaternary ammonium propionate + Chlorhexidine digluconate + Hỗn hợp 3 enzym: Protease, lipase và amylase. | W62: 6 | X62: =T62*W62/12 -> 92750000 | Y62: =VLOOKUP(Q62,'[3]DATA VALID'!M:O,3,FALSE) -> 0.1 | Z62: =(R62-VLOOKUP(J62,'[3]DATA VALID'!G:K,5,FALSE))/R62-Y62*1.24 -> 0.41266981 | AG62: =ROUNDUP(Table2[[#This Row],[ Số lượng trúng thầu ]]*Table2[[#This Row],[Số tháng phát sinh]]/12/Table2[[#This Row],[Số tháng phát sinh]],0) -> 30 | AH62: =ROUNDUP(Table2[[#This Row],[ Số lượng trúng thầu ]]*Table2[[#This Row],[Số tháng phát sinh]]/12/Table2[[#This Row],[Số tháng phát sinh]],0) -> 30 | AI62: =ROUNDUP(Table2[[#This Row],[ Số lượng trúng thầu ]]*Table2[[#This Row],[Số tháng phát sinh]]/12/Table2[[#This Row],[Số tháng phát sinh]],0) -> 30 | AJ62: =ROUNDUP(Table2[[#This Row],[ Số lượng trúng thầu ]]*Table2[[#This Row],[Số tháng phát sinh]]/12/Table2[[#This Row],[Số tháng phát sinh]],0) -> 30 | AK62: =ROUNDUP(Table2[[#This Row],[ Số lượng trúng thầu ]]*Table2[[#This Row],[Số tháng phát sinh]]/12/Table2[[#This Row],[Số tháng phát sinh]],0) -> 30 | AL62: =ROUNDUP(Table2[[#This Row],[ Số lượng trúng thầu ]]*Table2[[#This Row],[Số tháng phát sinh]]/12/Table2[[#This Row],[Số tháng phát sinh]],0) -> 30 | AM62: =ROUNDUP(Table2[[#This Row],[ Số lượng trúng thầu ]]*Table2[[#This Row],[Số tháng phát sinh]]/12/Table2[[#This Row],[Số tháng phát sinh]],0) -> 30 | AN62: =ROUNDUP(Table2[[#This Row],[ Số lượng trúng thầu ]]*Table2[[#This Row],[Số tháng phát sinh]]/12/Table2[[#This Row],[Số tháng phát sinh]],0) -> 30
A63: 10 | B63: 2025 | C63: KSNK | D63: MN | E63: Huỳnh Thị Thùy Linh | F63: IB2500324246 | G63: Bệnh viện Vũng Tàu | H63: Anios | I63: ANIOSYME X3 | J63: Exeol sept 2E 1L | K63: Xử lý dụng cụ | L63: Làm sạch và tiền KK | M63: Nhập khẩu | N63: 1000 | O63: 300 | P63: 577668 | Q63: SPC | R63: 530000 | S63: 173300400 | T63: =R63*O63 -> 159000000 | U63: 0.05 | V63: 1. Thành phần: 14% N,N-Didecyl-N-Methylpoly(oxyethyl)ammonium propionate + 0,3% Chlorhexidine digluconate, hỗn hợp 3 enzym: 0.5%-2% Protease, 0.1%-0.5% Lipase, 0.1%-0.5% Amylase, chất hoạt động bề mặt 2. Làm sạch và khử nhiễm. Thời gian tiếp xúc: từ 5 phút Nồng độ sử dụng 0.5% (25ml dung dịch trong 5 lít nước) 3. Đạt tiêu chuẩn: ISO 15883 (chống lại màng Biofilm) 4. Hiệu quả diệt khuẩn: Diệt khuẩn EN 14561 (Staphylococcus aureus, Pseudomonas aeruginosa, Enterococcus hirae...) Diệt virus EN 14476 (HIV-1, HBV, HCV,HSV 1...) Diệt virus có vỏ bọc theo tiêu chuẩn EN 17111 (Vaccinia virus...) | W63: 5 | X63: =T63*W63/12 -> 66250000 | Y63: =VLOOKUP(Q63,'[3]DATA VALID'!M:O,3,FALSE) -> 0.1 | Z63: =(R63-VLOOKUP(J63,'[3]DATA VALID'!G:K,5,FALSE))/R63-Y63*1.24 -> 0.41266981 | AH63: =ROUNDUP(Table2[[#This Row],[ Số lượng trúng thầu ]]*Table2[[#This Row],[Số tháng phát sinh]]/12/Table2[[#This Row],[Số tháng phát sinh]],0) -> 25 | AI63: =ROUNDUP(Table2[[#This Row],[ Số lượng trúng thầu ]]*Table2[[#This Row],[Số tháng phát sinh]]/12/Table2[[#This Row],[Số tháng phát sinh]],0) -> 25 | AJ63: =ROUNDUP(Table2[[#This Row],[ Số lượng trúng thầu ]]*Table2[[#This Row],[Số tháng phát sinh]]/12/Table2[[#This Row],[Số tháng phát sinh]],0) -> 25 | AK63: =ROUNDUP(Table2[[#This Row],[ Số lượng trúng thầu ]]*Table2[[#This Row],[Số tháng phát sinh]]/12/Table2[[#This Row],[Số tháng phát sinh]],0) -> 25 | AL63: =ROUNDUP(Table2[[#This Row],[ Số lượng trúng thầu ]]*Table2[[#This Row],[Số tháng phát sinh]]/12/Table2[[#This Row],[Số tháng phát sinh]],0) -> 25 | AM63: =ROUNDUP(Table2[[#This Row],[ Số lượng trúng thầu ]]*Table2[[#This Row],[Số tháng phát sinh]]/12/Table2[[#This Row],[Số tháng phát sinh]],0) -> 25 | AN63: =ROUNDUP(Table2[[#This Row],[ Số lượng trúng thầu ]]*Table2[[#This Row],[Số tháng phát sinh]]/12/Table2[[#This Row],[Số tháng phát sinh]],0) -> 25
A64: 10 | B64: 2025 | C64: KSNK | D64: MN | E64: Huỳnh Thị Thùy Linh | F64: IB2500324246 | G64: Bệnh viện Vũng Tàu | H64: Anios | I64: ANIOSYME SYNERGY 5 | J64: Exeol clean 4E 5L | K64: Xử lý dụng cụ | L64: Làm sạch và tiền KK | M64: Nhập khẩu | N64: 5000 | O64: 1000 | P64: 440000 | Q64: SPC | R64: 440000 | S64: 440000000 | T64: =R64*O64 -> 440000000 | U64: 0.14 | V64: 1. Hồn hợp 5 enzyme 1%-3% protease, 0.1%-0.5% lipase, 0.1%-0.5% amylase, 0.1%-0.5% mannanase, 0.1%-0.5% cellulase.2. Dùng được cho máy rửa tự động và ngâm rửa thủ côngNỗng độ sử dụng: từ 0.1% (máy rửa)pH = 6.89-7.29Thời gian: từ 5 phút Phù hợp với mọi chất lượng nước khác nhau3. Đạt tiêu chuẩn ISO 11930 (Khả năng kháng khuẩn của sản phẩm)4. Hiệu quả chống lại màng biofilm vi khuẩn Pseudomonas aeruginosa theo tiêu chuẩn ISO/TS 15883-5. | W64: 5 | X64: =T64*W64/12 -> 1.8333333e+08 | Y64: =VLOOKUP(Q64,'[3]DATA VALID'!M:O,3,FALSE) -> 0.1 | Z64: =(R64*5-VLOOKUP(J64,'[3]DATA VALID'!G:K,5,FALSE))/(R64*5)-Y64*1.24 -> 0.4598235 | AH64: =ROUNDUP(Table2[[#This Row],[ Số lượng trúng thầu ]]*Table2[[#This Row],[Số tháng phát sinh]]/12/Table2[[#This Row],[Số tháng phát sinh]],0) -> 84 | AI64: =ROUNDUP(Table2[[#This Row],[ Số lượng trúng thầu ]]*Table2[[#This Row],[Số tháng phát sinh]]/12/Table2[[#This Row],[Số tháng phát sinh]],0) -> 84 | AJ64: =ROUNDUP(Table2[[#This Row],[ Số lượng trúng thầu ]]*Table2[[#This Row],[Số tháng phát sinh]]/12/Table2[[#This Row],[Số tháng phát sinh]],0) -> 84 | AK64: =ROUNDUP(Table2[[#This Row],[ Số lượng trúng thầu ]]*Table2[[#This Row],[Số tháng phát sinh]]/12/Table2[[#This Row],[Số tháng phát sinh]],0) -> 84 | AL64: =ROUNDUP(Table2[[#This Row],[ Số lượng trúng thầu ]]*Table2[[#This Row],[Số tháng phát sinh]]/12/Table2[[#This Row],[Số tháng phát sinh]],0) -> 84 | AM64: =ROUNDUP(Table2[[#This Row],[ Số lượng trúng thầu ]]*Table2[[#This Row],[Số tháng phát sinh]]/12/Table2[[#This Row],[Số tháng phát sinh]],0) -> 84 | AN64: =ROUNDUP(Table2[[#This Row],[ Số lượng trúng thầu ]]*Table2[[#This Row],[Số tháng phát sinh]]/12/Table2[[#This Row],[Số tháng phát sinh]],0) -> 84
A65: 10 | B65: 2025 | C65: KSNK | D65: MN | E65: Huỳnh Thị Thùy Linh | F65: IB2500324246 | G65: Bệnh viện Vũng Tàu | H65: Anios | I65: Steranios 2% | J65: Exeol GTA 2% 5L | K65: Xử lý dụng cụ | L65: KK mức độ cao | M65: Nhập khẩu | N65: 5000 | O65: 160 | P65: 460000 | Q65: SPC | R65: 428925 | S65: 73600000 | T65: =R65*O65 -> 68628000 | U65: 0.02 | V65: 1. Thành phần: 2% Glutaraldehyde 2. không cần hoạt hóa, pH=6 Khử khuẩn mức độ cao: 10 phút. Tái sử dụng trong 30 ngày (tặng kèm test thử) 3. Hạn sử dụng sau mở nắp: 3 năm 4. Hiệu quả diệt khuẩn: - Diệt khuẩn EN 14561 (Enterococcus hirae, Pseudomonas aeruginosa, Staphylococcus aureus...) - Diệt nấm EN 14562 (Candida albicans, Aspergillus niger...) - Diệt vi khuẩn lao EN 14563 (Mycobacterium terrae, Mycobacterium avium...) - Diệt bào tử trong 120 phút theo EN 17126 (Clostridium difficile, Bacillus cereus, Bacillus subtilis) - Diệt virus EN 17111 (Adenovirus...) | W65: 5 | X65: =T65*W65/12 -> 28595000 | Y65: =VLOOKUP(Q65,'[3]DATA VALID'!M:O,3,FALSE) -> 0.1 | Z65: =(R65-VLOOKUP(J65,'[3]DATA VALID'!G:K,5,FALSE))/R65-Y65*1.24 -> 0.4292156 | AH65: =ROUNDUP(Table2[[#This Row],[ Số lượng trúng thầu ]]*Table2[[#This Row],[Số tháng phát sinh]]/12/Table2[[#This Row],[Số tháng phát sinh]],0) -> 14 | AI65: =ROUNDUP(Table2[[#This Row],[ Số lượng trúng thầu ]]*Table2[[#This Row],[Số tháng phát sinh]]/12/Table2[[#This Row],[Số tháng phát sinh]],0) -> 14 | AJ65: =ROUNDUP(Table2[[#This Row],[ Số lượng trúng thầu ]]*Table2[[#This Row],[Số tháng phát sinh]]/12/Table2[[#This Row],[Số tháng phát sinh]],0) -> 14 | AK65: =ROUNDUP(Table2[[#This Row],[ Số lượng trúng thầu ]]*Table2[[#This Row],[Số tháng phát sinh]]/12/Table2[[#This Row],[Số tháng phát sinh]],0) -> 14 | AL65: =ROUNDUP(Table2[[#This Row],[ Số lượng trúng thầu ]]*Table2[[#This Row],[Số tháng phát sinh]]/12/Table2[[#This Row],[Số tháng phát sinh]],0) -> 14 | AM65: =ROUNDUP(Table2[[#This Row],[ Số lượng trúng thầu ]]*Table2[[#This Row],[Số tháng phát sinh]]/12/Table2[[#This Row],[Số tháng phát sinh]],0) -> 14 | AN65: =ROUNDUP(Table2[[#This Row],[ Số lượng trúng thầu ]]*Table2[[#This Row],[Số tháng phát sinh]]/12/Table2[[#This Row],[Số tháng phát sinh]],0) -> 14
A66: 10 | B66: 2025 | C66: KSNK | D66: MN | E66: Huỳnh Thị Thùy Linh | F66: IB2500324246 | G66: Bệnh viện Vũng Tàu | H66: Anios | I66: Opaster'Anios | J66: Exeol OPA 5L | K66: Xử lý dụng cụ | L66: KK mức độ cao | M66: Nhập khẩu | N66: 5000 | O66: 300 | P66: 1100000 | Q66: SPC | R66: 980000 | S66: 330000000 | T66: =R66*O66 -> 294000000 | U66: 0.1 | V66: 1.Thành phần: 0,55% Ortho-Phthalaldehyde, 2. pH=7, dung dịch sẵn sàng sử dụng (không pha loãng). Khử khuẩn mức độ cao trong 5 phút. Tái sử dụng trong 14 ngày (tặng kèm test thử để kiểm tra nồng độ OPA). 3. Hiệu quả diệt khuẩn: - Diệt khuẩn EN 14561 (Pseudomonas aeruginosa, Staphylococcus aureus, Enterococcus hirae...) - Diệt nấm EN 14562 (Candida albicans, Aspergillus niger...) - Diệt vi khuẩn lao EN 14563 (Mycobacterium terrae, Mycobacterium avium...) - Diệt bảo tử trong 30 phút theo EN 17126 (Clostridium difficile, Bacillus subtilis, Bacillus cereus) - Diệt virus EN 17111 (Adenovirus...) 4. Thời gian bảo quản dung dịch trong can sau khi mở nắp trên 3 tháng. 5. Có tài liệu chứng minh tương thích với ống nôi soi hãng Olympus/Fujifilm/Pentax/Karl Stozr | W66: 5 | X66: =T66*W66/12 -> 122500000 | Y66: =VLOOKUP(Q66,'[3]DATA VALID'!M:O,3,FALSE) -> 0.1 | Z66: =(R66-VLOOKUP(J66,'[3]DATA VALID'!G:K,5,FALSE))/R66-Y66*1.24 -> 0.3777949 | AH66: =ROUNDUP(Table2[[#This Row],[ Số lượng trúng thầu ]]*Table2[[#This Row],[Số tháng phát sinh]]/12/Table2[[#This Row],[Số tháng phát sinh]],0) -> 25 | AI66: =ROUNDUP(Table2[[#This Row],[ Số lượng trúng thầu ]]*Table2[[#This Row],[Số tháng phát sinh]]/12/Table2[[#This Row],[Số tháng phát sinh]],0) -> 25 | AJ66: =ROUNDUP(Table2[[#This Row],[ Số lượng trúng thầu ]]*Table2[[#This Row],[Số tháng phát sinh]]/12/Table2[[#This Row],[Số tháng phát sinh]],0) -> 25 | AK66: =ROUNDUP(Table2[[#This Row],[ Số lượng trúng thầu ]]*Table2[[#This Row],[Số tháng phát sinh]]/12/Table2[[#This Row],[Số tháng phát sinh]],0) -> 25 | AL66: =ROUNDUP(Table2[[#This Row],[ Số lượng trúng thầu ]]*Table2[[#This Row],[Số tháng phát sinh]]/12/Table2[[#This Row],[Số tháng phát sinh]],0) -> 25 | AM66: =ROUNDUP(Table2[[#This Row],[ Số lượng trúng thầu ]]*Table2[[#This Row],[Số tháng phát sinh]]/12/Table2[[#This Row],[Số tháng phát sinh]],0) -> 25 | AN66: =ROUNDUP(Table2[[#This Row],[ Số lượng trúng thầu ]]*Table2[[#This Row],[Số tháng phát sinh]]/12/Table2[[#This Row],[Số tháng phát sinh]],0) -> 25
A67: 10 | B67: 2025 | C67: KSNK | D67: MN | E67: Huỳnh Thị Thùy Linh | F67: IB2500324246 | G67: Bệnh viện Vũng Tàu | H67: Anios | I67: Surfa'Safe Premium | J67: Exeol surf optimal 750ml | K67: Xử lý bề mặt | L67: Phun tay | M67: Nhập khẩu | N67: 750 | O67: 200 | P67: 400260 | Q67: SPC | R67: 360000 | S67: 80052000 | T67: =R67*O67 -> 72000000 | U67: 0.03 | V67: 1. Thành phần: 0.3% Didecyldimethyl ammonium chloride, chất HĐBM, không chứa cồn 2. Làm sạch và khử khuẩn bề mặt trang thiết bị y tế. Tương thích với Polycarbonate, plexiglas. Đầu phun tạo bọt. Thời gian tiếp xúc: từ 2 phút 3. Hiệu quả diệt khuẩn theo EN 16615 (Enterococcus hirae, Pseudomonas aeruginosa, Staphylococcus aureus) Diệt virus theo tiêu chuẩn EN 14476 (Adenovirus, Norovirus Murine MNV) | W67: 5 | X67: =T67*W67/12 -> 30000000 | Y67: =VLOOKUP(Q67,'[3]DATA VALID'!M:O,3,FALSE) -> 0.1 | Z67: =(R67-VLOOKUP(J67,'[3]DATA VALID'!G:K,5,FALSE))/R67-Y67*1.24 -> 0.56480833 | AH67: =ROUNDUP(Table2[[#This Row],[ Số lượng trúng thầu ]]*Table2[[#This Row],[Số tháng phát sinh]]/12/Table2[[#This Row],[Số tháng phát sinh]],0) -> 17 | AI67: =ROUNDUP(Table2[[#This Row],[ Số lượng trúng thầu ]]*Table2[[#This Row],[Số tháng phát sinh]]/12/Table2[[#This Row],[Số tháng phát sinh]],0) -> 17 | AJ67: =ROUNDUP(Table2[[#This Row],[ Số lượng trúng thầu ]]*Table2[[#This Row],[Số tháng phát sinh]]/12/Table2[[#This Row],[Số tháng phát sinh]],0) -> 17 | AK67: =ROUNDUP(Table2[[#This Row],[ Số lượng trúng thầu ]]*Table2[[#This Row],[Số tháng phát sinh]]/12/Table2[[#This Row],[Số tháng phát sinh]],0) -> 17 | AL67: =ROUNDUP(Table2[[#This Row],[ Số lượng trúng thầu ]]*Table2[[#This Row],[Số tháng phát sinh]]/12/Table2[[#This Row],[Số tháng phát sinh]],0) -> 17 | AM67: =ROUNDUP(Table2[[#This Row],[ Số lượng trúng thầu ]]*Table2[[#This Row],[Số tháng phát sinh]]/12/Table2[[#This Row],[Số tháng phát sinh]],0) -> 17 | AN67: =ROUNDUP(Table2[[#This Row],[ Số lượng trúng thầu ]]*Table2[[#This Row],[Số tháng phát sinh]]/12/Table2[[#This Row],[Số tháng phát sinh]],0) -> 17
A68: 9 | B68: 2025 | C68: KSNK | D68: MN | E68: Nguyễn Thị Kim Ngọc | F68: IB2500160742 | G68: Đại Học Y Dược Thành Phố Hồ Chí Minh | H68: Anios | I68: Anios’Clean Excel D | J68: Exeol sept first 5L | K68: Xử lý dụng cụ | L68: Làm sạch và tiền KK | M68: Nhập khẩu | N68: 5000 | O68: 6 | P68: 1701000 | Q68: SPC | R68: 1450000 | S68: 10206000 | T68: =R68*O68 -> 8700000 | U68: 0.36 | V68: Nước sát trùng bề mặt Thành phần: 6,5% Didecyldimethyl ammonium chloride + 0,074% Chlorhexidine digluconate, chất hoạt động bề mặt non-ionic. Làm sạch và khử khuẩn dụng cụ y tế. Nồng độ sử dụng 0,5%, pH = 6.6 - 7.6 Thời gian tiếp xúc: từ 5 phút Diệt virus HIV-1, HBV, HCV, HSV, Vacinia theo tiêu chuẩn châu Âu EN 17111 Đạt tiêu chuẩn ISO 15883, diệt khuẩn EN 14561, EN 14562, EN 14563, EN 17111 5L/can | W68: 6 | X68: =T68*W68/12 -> 4350000 | Y68: =VLOOKUP(Q68,'[3]DATA VALID'!M:O,3,FALSE) -> 0.1 | Z68: =(R68-VLOOKUP(J68,'[3]DATA VALID'!G:K,5,FALSE))/R68-Y68*1.24 -> 0.45095172 | AG68: =ROUNDUP(Table2[[#This Row],[ Số lượng trúng thầu ]]*Table2[[#This Row],[Số tháng phát sinh]]/12/Table2[[#This Row],[Số tháng phát sinh]],0) -> 1 | AH68: =ROUNDUP(Table2[[#This Row],[ Số lượng trúng thầu ]]*Table2[[#This Row],[Số tháng phát sinh]]/12/Table2[[#This Row],[Số tháng phát sinh]],0) -> 1 | AI68: =ROUNDUP(Table2[[#This Row],[ Số lượng trúng thầu ]]*Table2[[#This Row],[Số tháng phát sinh]]/12/Table2[[#This Row],[Số tháng phát sinh]],0) -> 1 | AJ68: =ROUNDUP(Table2[[#This Row],[ Số lượng trúng thầu ]]*Table2[[#This Row],[Số tháng phát sinh]]/12/Table2[[#This Row],[Số tháng phát sinh]],0) -> 1 | AK68: =ROUNDUP(Table2[[#This Row],[ Số lượng trúng thầu ]]*Table2[[#This Row],[Số tháng phát sinh]]/12/Table2[[#This Row],[Số tháng phát sinh]],0) -> 1 | AL68: =ROUNDUP(Table2[[#This Row],[ Số lượng trúng thầu ]]*Table2[[#This Row],[Số tháng phát sinh]]/12/Table2[[#This Row],[Số tháng phát sinh]],0) -> 1 | AM68: =ROUNDUP(Table2[[#This Row],[ Số lượng trúng thầu ]]*Table2[[#This Row],[Số tháng phát sinh]]/12/Table2[[#This Row],[Số tháng phát sinh]],0) -> 1 | AN68: =ROUNDUP(Table2[[#This Row],[ Số lượng trúng thầu ]]*Table2[[#This Row],[Số tháng phát sinh]]/12/Table2[[#This Row],[Số tháng phát sinh]],0) -> 1
A69: 10 | B69: 2025 | C69: KSNK | D69: MN | E69: Huỳnh Thị Thùy Linh | F69: IB2500365134 | G69: Trường Đại học Trà Vinh | H69: Anios | I69: Anios’Clean Excel D | J69: Exeol sept first 1L | K69: Xử lý dụng cụ | L69: Làm sạch và tiền KK | M69: Nhập khẩu | N69: 1000 | O69: 2 | P69: 481000 | Q69: Hào Tín | R69: 268800 | S69: 962000 | T69: =R69*O69 -> 537600 | U69: 0.04 | W69: 5 | X69: =T69*W69/12 -> 224000 | Y69: =VLOOKUP(Q69,'[3]DATA VALID'!M:O,3,FALSE) -> 0 | Z69: =(R69-VLOOKUP(J69,'[3]DATA VALID'!G:K,5,FALSE))/R69-Y69*1.24 -> 0.49007812 | AH69: =ROUNDUP(Table2[[#This Row],[ Số lượng trúng thầu ]]*Table2[[#This Row],[Số tháng phát sinh]]/12/Table2[[#This Row],[Số tháng phát sinh]],0) -> 1 | AI69: =ROUNDUP(Table2[[#This Row],[ Số lượng trúng thầu ]]*Table2[[#This Row],[Số tháng phát sinh]]/12/Table2[[#This Row],[Số tháng phát sinh]],0) -> 1 | AJ69: =ROUNDUP(Table2[[#This Row],[ Số lượng trúng thầu ]]*Table2[[#This Row],[Số tháng phát sinh]]/12/Table2[[#This Row],[Số tháng phát sinh]],0) -> 1 | AK69: =ROUNDUP(Table2[[#This Row],[ Số lượng trúng thầu ]]*Table2[[#This Row],[Số tháng phát sinh]]/12/Table2[[#This Row],[Số tháng phát sinh]],0) -> 1 | AL69: =ROUNDUP(Table2[[#This Row],[ Số lượng trúng thầu ]]*Table2[[#This Row],[Số tháng phát sinh]]/12/Table2[[#This Row],[Số tháng phát sinh]],0) -> 1 | AM69: =ROUNDUP(Table2[[#This Row],[ Số lượng trúng thầu ]]*Table2[[#This Row],[Số tháng phát sinh]]/12/Table2[[#This Row],[Số tháng phát sinh]],0) -> 1 | AN69: =ROUNDUP(Table2[[#This Row],[ Số lượng trúng thầu ]]*Table2[[#This Row],[Số tháng phát sinh]]/12/Table2[[#This Row],[Số tháng phát sinh]],0) -> 1
A70: 10 | B70: 2025 | C70: KSNK | D70: MN | E70: Huỳnh Thị Thùy Linh | F70: IB2500365134 | G70: Trường Đại học Trà Vinh | H70: Anios | I70: Anios’Clean Excel D | J70: Exeol sept first 5L | K70: Xử lý dụng cụ | L70: Làm sạch và tiền KK | M70: Nhập khẩu | N70: 5000 | O70: 5 | P70: 1960000 | Q70: Hào Tín | R70: 1218000 | S70: 9800000 | T70: =R70*O70 -> 6090000 | U70: 0.4 | W70: 5 | X70: =T70*W70/12 -> 2537500 | Y70: =VLOOKUP(Q70,'[3]DATA VALID'!M:O,3,FALSE) -> 0 | Z70: =(R70-VLOOKUP(J70,'[3]DATA VALID'!G:K,5,FALSE))/R70-Y70*1.24 -> 0.49399015 | AH70: =ROUNDUP(Table2[[#This Row],[ Số lượng trúng thầu ]]*Table2[[#This Row],[Số tháng phát sinh]]/12/Table2[[#This Row],[Số tháng phát sinh]],0) -> 1 | AI70: =ROUNDUP(Table2[[#This Row],[ Số lượng trúng thầu ]]*Table2[[#This Row],[Số tháng phát sinh]]/12/Table2[[#This Row],[Số tháng phát sinh]],0) -> 1 | AJ70: =ROUNDUP(Table2[[#This Row],[ Số lượng trúng thầu ]]*Table2[[#This Row],[Số tháng phát sinh]]/12/Table2[[#This Row],[Số tháng phát sinh]],0) -> 1 | AK70: =ROUNDUP(Table2[[#This Row],[ Số lượng trúng thầu ]]*Table2[[#This Row],[Số tháng phát sinh]]/12/Table2[[#This Row],[Số tháng phát sinh]],0) -> 1 | AL70: =ROUNDUP(Table2[[#This Row],[ Số lượng trúng thầu ]]*Table2[[#This Row],[Số tháng phát sinh]]/12/Table2[[#This Row],[Số tháng phát sinh]],0) -> 1 | AM70: =ROUNDUP(Table2[[#This Row],[ Số lượng trúng thầu ]]*Table2[[#This Row],[Số tháng phát sinh]]/12/Table2[[#This Row],[Số tháng phát sinh]],0) -> 1 | AN70: =ROUNDUP(Table2[[#This Row],[ Số lượng trúng thầu ]]*Table2[[#This Row],[Số tháng phát sinh]]/12/Table2[[#This Row],[Số tháng phát sinh]],0) -> 1
A71: 6 | B71: 2025 | C71: KSNK | D71: MN | E71: Vũ Hải Dương | F71: IB2500166074 | G71: Bệnh viện Nguyễn Trãi | H71: Anios | I71: Wip'Anios Excel | J71: =VLOOKUP(I71,'[3]DATA VALID'!A:B,2,FALSE) -> Exeol wipe optimal | K71: Xử lý bề mặt | L71: Khăn lau | M71: Nhập khẩu | N71: 100 | O71: 100 | P71: 305000 | Q71: SPC | R71: 245000 | S71: 30500000 | T71: =R71*O71 -> 24500000 | U71: 0.02 | V71: Xin xem Bảng đáp ứng kỹ thuật | W71: 9 | X71: =T71*W71/12 -> 18375000 | Y71: =VLOOKUP(Q71,'[3]DATA VALID'!M:O,3,FALSE) -> 0.1 | Z71: =(R71-VLOOKUP(J71,'[3]DATA VALID'!G:K,5,FALSE))/R71-Y71*1.24 -> 0.36423429 | AE71: =ROUNDUP(Table2[[#This Row],[ Số lượng trúng thầu ]]*Table2[[#This Row],[Số tháng phát sinh]]/12/9,0) -> 9 | AF71: =ROUNDUP(Table2[[#This Row],[ Số lượng trúng thầu ]]*Table2[[#This Row],[Số tháng phát sinh]]/12/9,0) -> 9 | AG71: =ROUNDUP(Table2[[#This Row],[ Số lượng trúng thầu ]]*Table2[[#This Row],[Số tháng phát sinh]]/12/9,0) -> 9 | AH71: =ROUNDUP(Table2[[#This Row],[ Số lượng trúng thầu ]]*Table2[[#This Row],[Số tháng phát sinh]]/12/9,0) -> 9 | AI71: =ROUNDUP(Table2[[#This Row],[ Số lượng trúng thầu ]]*Table2[[#This Row],[Số tháng phát sinh]]/12/9,0) -> 9 | AJ71: =ROUNDUP(Table2[[#This Row],[ Số lượng trúng thầu ]]*Table2[[#This Row],[Số tháng phát sinh]]/12/9,0) -> 9 | AK71: =ROUNDUP(Table2[[#This Row],[ Số lượng trúng thầu ]]*Table2[[#This Row],[Số tháng phát sinh]]/12/9,0) -> 9 | AL71: =ROUNDUP(Table2[[#This Row],[ Số lượng trúng thầu ]]*Table2[[#This Row],[Số tháng phát sinh]]/12/9,0) -> 9 | ... AN71: =ROUNDUP(Table2[[#This Row],[ Số lượng trúng thầu ]]*Table2[[#This Row],[Số tháng phát sinh]]/12/9,0) -> 9
A72: 6 | B72: 2025 | C72: KSNK | D72: MN | E72: Nguyễn Thái Hằng | F72: IB2500157406 | G72: Bệnh viện Từ Dũ | H72: Anios | I72: ANIOSPRAY SURF 29 | J72: Exeol surf 30 1L | K72: Xử lý bề mặt | L72: Phun tay | M72: Nhập khẩu | N72: 1000 | O72: 765000 | P72: 290 | Q72: SPC | R72: 260 | S72: 221850000 | T72: =R72*O72 -> 198900000 | U72: 0.53 | V72: 1. Thành phần: 0,05% Didecyldimethyl ammonium chloride + 0,06% Chlorhexidine digluconate kết hợp 22,57% Ethanol, không chứa Aldehyde 2. Khử khuẩn nhanh các bề mặt, thiết bị y tế, dụng cụ y tế không xâm lấn và không thể khử khuẩn bằng cách ngâm đã được làm sạch giường bệnh, băng ca, xe đẩu bệnh nhân, xe cấp cứu, máy đo huyết áp, máy thử đường huyết, ống nghe...) Dung dịch trong suốt không màu Quy cách: chai 1 lít 3. Hiệu quả diệt khuẩn (MRSA, ESBL..) theo EN 13727 Diệt virus (PRV, BVDV, HSV 1, H1N1, Rotavirus...) từ 1 phút theo EN 14476 Diệt vi khuần lao (Mycobacter tuberculosis) 4. Tương thích với các chất liệu bề mặt và thiết bị 5. Đạt tiêu chuẩn CE, ISO 13485, ISO 9001 | W72: 9 | X72: =T72*W72/12 -> 149175000 | Y72: =VLOOKUP(Q72,'[3]DATA VALID'!M:O,3,FALSE) -> 0.1 | Z72: =(R72*1000-VLOOKUP(J72,'[3]DATA VALID'!G:K,5,FALSE))/(R72*1000)-Y72*1.24 -> 0.39375923 | AE72: =ROUNDUP(Table2[[#This Row],[ Số lượng trúng thầu ]]*Table2[[#This Row],[Số tháng phát sinh]]/12/9/1000,0) -> 64 | AF72: =ROUNDUP(Table2[[#This Row],[ Số lượng trúng thầu ]]*Table2[[#This Row],[Số tháng phát sinh]]/12/9/1000,0) -> 64 | AG72: =ROUNDUP(Table2[[#This Row],[ Số lượng trúng thầu ]]*Table2[[#This Row],[Số tháng phát sinh]]/12/9/1000,0) -> 64 | AH72: =ROUNDUP(Table2[[#This Row],[ Số lượng trúng thầu ]]*Table2[[#This Row],[Số tháng phát sinh]]/12/9/1000,0) -> 64 | AI72: =ROUNDUP(Table2[[#This Row],[ Số lượng trúng thầu ]]*Table2[[#This Row],[Số tháng phát sinh]]/12/9/1000,0) -> 64 | AJ72: =ROUNDUP(Table2[[#This Row],[ Số lượng trúng thầu ]]*Table2[[#This Row],[Số tháng phát sinh]]/12/9/1000,0) -> 64 | AK72: =ROUNDUP(Table2[[#This Row],[ Số lượng trúng thầu ]]*Table2[[#This Row],[Số tháng phát sinh]]/12/9/1000,0) -> 64 | AL72: =ROUNDUP(Table2[[#This Row],[ Số lượng trúng thầu ]]*Table2[[#This Row],[Số tháng phát sinh]]/12/9/1000,0) -> 64 | ... AN72: =ROUNDUP(Table2[[#This Row],[ Số lượng trúng thầu ]]*Table2[[#This Row],[Số tháng phát sinh]]/12/9/1000,0) -> 64
